{"0": {"GreedyMaxGrad": {"path": [0, 5, 20, 4, 7, 27, 28, 39, 25, 37, 0], "score": 64, "duration": 59, "elap_time": 0.0003826618194580078}, "GreedyNearNeigh": {"path": [0, 17, 19, 32, 28, 7, 26, 27, 25, 4, 37, 31, 39, 38, 0], "score": 79, "duration": 56, "elap_time": 0.0005805492401123047}, "GreedyMaxIns": {"path": [0, 37, 25, 28, 27, 7, 4, 5, 20, 19, 0], "score": 66, "duration": 60, "elap_time": 0.020090818405151367}, "GreedyIndIns": {"path": [0, 19, 41, 34, 26, 28, 7, 20, 4, 37, 25, 27, 40, 0], "score": 76, "duration": 60, "elap_time": 0.03721308708190918}, "GreedyRand": {"path": [0, 27, 20, 39, 25, 4, 38, 0], "score": 39, "duration": 54, "elap_time": 0.0014188289642333984}, "LSMGSwap": {"path": [0, 16, 30, 9, 5, 4, 20, 7, 28, 27, 39, 25, 37, 31, 0], "score": 93, "duration": 60, "elap_time": 0.8029642105102539}, "LSNNSwap": {"path": [0, 19, 32, 7, 28, 27, 25, 4, 5, 30, 9, 37, 31, 39, 38, 0], "score": 93, "duration": 60, "elap_time": 1.395887851715088}, "LSMISwap": {"path": [0, 31, 37, 7, 28, 27, 25, 39, 4, 5, 20, 19, 0], "score": 79, "duration": 60, "elap_time": 0.7950866222381592}, "LSMG2opt": {"path": [0, 16, 30, 9, 5, 4, 20, 7, 28, 27, 39, 25, 37, 31, 0], "score": 93, "duration": 60, "elap_time": 0.9615414142608643}, "LSNN2opt": {"path": [0, 19, 32, 7, 28, 27, 25, 4, 5, 30, 9, 37, 31, 39, 38, 0], "score": 93, "duration": 60, "elap_time": 1.6449270248413086}, "LSMI2opt": {"path": [0, 38, 31, 37, 9, 30, 5, 4, 39, 25, 27, 28, 26, 7, 20, 19, 0], "score": 100, "duration": 60, "elap_time": 1.1312572956085205}, "TSLS": {"path": [0, 38, 31, 37, 9, 30, 5, 4, 39, 25, 27, 28, 26, 7, 20, 19, 0], "score": 100, "duration": 60, "elap_time": 1.087794542312622}, "TSLSINT": {"path": [0, 38, 31, 37, 9, 30, 5, 4, 39, 25, 27, 28, 26, 7, 20, 19, 0], "score": 100, "duration": 60, "elap_time": 1.1567766666412354}, "Grasp": {"path": [0, 38, 31, 37, 9, 30, 5, 4, 39, 25, 27, 28, 26, 7, 20, 19, 0], "score": 100, "duration": 60, "elap_time": 9.19568157196045}}, "1": {"GreedyMaxGrad": {"path": [1, 5, 20, 4, 7, 19, 27, 28, 25, 1], "score": 63, "duration": 59, "elap_time": 0.0003705024719238281}, "GreedyNearNeigh": {"path": [1, 28, 7, 26, 27, 25, 4, 37, 31, 39, 38, 5, 30, 9, 6, 8, 34, 20, 1], "score": 112, "duration": 58, "elap_time": 0.0008726119995117188}, "GreedyMaxIns": {"path": [1, 32, 28, 26, 7, 27, 25, 39, 31, 16, 30, 9, 37, 4, 5, 20, 1], "score": 103, "duration": 56, "elap_time": 0.06538534164428711}, "GreedyIndIns": {"path": [1, 20, 7, 26, 41, 19, 40, 30, 9, 5, 37, 4, 25, 39, 27, 28, 1], "score": 99, "duration": 60, "elap_time": 0.06213831901550293}, "GreedyRand": {"path": [1, 28, 6, 5, 8, 11, 39, 27, 7, 26, 1], "score": 64, "duration": 59, "elap_time": 0.0026247501373291016}, "LSMGSwap": {"path": [1, 26, 7, 20, 4, 39, 31, 37, 5, 9, 30, 16, 19, 32, 28, 27, 25, 1], "score": 111, "duration": 60, "elap_time": 1.4815700054168701}, "LSNNSwap": {"path": [1, 32, 28, 7, 26, 27, 25, 4, 37, 31, 39, 5, 30, 9, 6, 8, 34, 20, 1], "score": 115, "duration": 58, "elap_time": 2.306016683578491}, "LSMISwap": {"path": [1, 28, 26, 7, 27, 25, 39, 31, 16, 30, 9, 5, 4, 37, 11, 34, 20, 1], "score": 110, "duration": 59, "elap_time": 1.929276704788208}, "LSMG2opt": {"path": [1, 28, 25, 39, 31, 37, 9, 30, 5, 4, 27, 19, 32, 33, 41, 34, 26, 7, 20, 1], "score": 117, "duration": 60, "elap_time": 2.234048843383789}, "LSNN2opt": {"path": [1, 32, 28, 7, 26, 27, 25, 4, 37, 31, 39, 5, 30, 9, 6, 8, 34, 20, 1], "score": 115, "duration": 58, "elap_time": 2.8662023544311523}, "LSMI2opt": {"path": [1, 4, 37, 5, 9, 30, 16, 31, 39, 25, 27, 7, 26, 28, 32, 33, 41, 34, 20, 1], "score": 117, "duration": 60, "elap_time": 2.3426318168640137}, "TSLS": {"path": [1, 28, 25, 39, 31, 16, 30, 9, 5, 37, 4, 27, 32, 33, 10, 22, 41, 7, 20, 1], "score": 119, "duration": 60, "elap_time": 3.279869556427002}, "TSLSINT": {"path": [1, 28, 25, 39, 31, 37, 9, 30, 5, 4, 27, 19, 32, 33, 41, 34, 26, 7, 20, 1], "score": 117, "duration": 60, "elap_time": 1.1761162281036377}, "Grasp": {"path": [1, 20, 7, 27, 28, 25, 4, 5, 30, 9, 37, 31, 39, 11, 10, 36, 22, 33, 41, 32, 26, 1], "score": 126, "duration": 60, "elap_time": 18.08955717086792}}, "2": {"GreedyMaxGrad": {"path": [2, 5, 20, 4, 7, 27, 16, 9, 2], "score": 57, "duration": 55, "elap_time": 0.0003337860107421875}, "GreedyNearNeigh": {"path": [2, 9, 5, 30, 37, 4, 25, 27, 28, 7, 26, 34, 20, 39, 31, 38, 2], "score": 98, "duration": 56, "elap_time": 0.0007932186126708984}, "GreedyMaxIns": {"path": [2, 39, 25, 28, 27, 26, 7, 37, 4, 5, 9, 30, 16, 20, 2], "score": 90, "duration": 59, "elap_time": 0.046179771423339844}, "GreedyIndIns": {"path": [2, 25, 37, 4, 27, 28, 40, 26, 7, 39, 38, 5, 30, 9, 2], "score": 81, "duration": 60, "elap_time": 0.044463396072387695}, "GreedyRand": {"path": [2, 7, 28, 6, 30, 37, 31, 39, 25, 4, 2], "score": 59, "duration": 59, "elap_time": 0.002452850341796875}, "LSMGSwap": {"path": [2, 30, 5, 20, 4, 37, 25, 28, 26, 7, 27, 39, 31, 16, 9, 2], "score": 97, "duration": 59, "elap_time": 1.7672882080078125}, "LSNNSwap": {"path": [2, 9, 30, 5, 37, 4, 25, 27, 28, 41, 32, 7, 26, 34, 20, 39, 31, 2], "score": 105, "duration": 59, "elap_time": 2.4136362075805664}, "LSMISwap": {"path": [2, 39, 25, 28, 27, 26, 34, 7, 20, 4, 5, 9, 30, 16, 31, 37, 2], "score": 103, "duration": 60, "elap_time": 1.1808533668518066}, "LSMG2opt": {"path": [2, 30, 5, 20, 4, 37, 25, 28, 26, 7, 27, 39, 31, 16, 9, 2], "score": 97, "duration": 59, "elap_time": 2.1540420055389404}, "LSNN2opt": {"path": [2, 9, 30, 5, 25, 27, 28, 32, 33, 22, 36, 10, 11, 34, 26, 7, 20, 4, 37, 31, 39, 2], "score": 128, "duration": 60, "elap_time": 2.7056190967559814}, "LSMI2opt": {"path": [2, 39, 25, 41, 32, 28, 27, 26, 34, 7, 20, 4, 37, 31, 16, 30, 5, 9, 2], "score": 113, "duration": 60, "elap_time": 1.5839438438415527}, "TSLS": {"path": [2, 9, 30, 5, 25, 27, 28, 32, 33, 22, 36, 10, 11, 34, 26, 7, 20, 4, 37, 31, 39, 2], "score": 128, "duration": 60, "elap_time": 1.9287693500518799}, "TSLSINT": {"path": [2, 9, 30, 5, 25, 27, 28, 32, 33, 22, 36, 10, 11, 34, 26, 7, 20, 4, 37, 31, 39, 2], "score": 128, "duration": 60, "elap_time": 1.7602970600128174}, "Grasp": {"path": [2, 39, 31, 37, 25, 28, 27, 7, 26, 34, 41, 32, 19, 20, 4, 5, 30, 9, 2], "score": 113, "duration": 60, "elap_time": 15.372230768203735}}, "3": {"GreedyMaxGrad": {"path": [3, 5, 4, 28, 7, 26, 3], "score": 37, "duration": 59, "elap_time": 0.00023603439331054688}, "GreedyNearNeigh": {"path": [3, 19, 32, 28, 7, 26, 27, 25, 4, 37, 31, 3], "score": 65, "duration": 57, "elap_time": 0.0004756450653076172}, "GreedyMaxIns": {"path": [3, 5, 37, 4, 20, 7, 26, 3], "score": 41, "duration": 60, "elap_time": 0.008117437362670898}, "GreedyIndIns": {"path": [3, 26, 7, 41, 34, 40, 3], "score": 27, "duration": 60, "elap_time": 0.0055484771728515625}, "GreedyRand": {"path": [3, 19, 7, 1, 40, 3], "score": 21, "duration": 57, "elap_time": 0.0008625984191894531}, "LSMGSwap": {"path": [3, 30, 5, 37, 4, 25, 27, 28, 7, 26, 41, 3], "score": 64, "duration": 60, "elap_time": 0.4459972381591797}, "LSNNSwap": {"path": [3, 19, 32, 28, 7, 26, 27, 39, 25, 4, 37, 31, 3], "score": 71, "duration": 60, "elap_time": 0.736039400100708}, "LSMISwap": {"path": [3, 5, 37, 4, 20, 7, 26, 3], "score": 41, "duration": 60, "elap_time": 0.09466862678527832}, "LSMG2opt": {"path": [3, 30, 5, 37, 4, 25, 27, 28, 7, 26, 41, 3], "score": 64, "duration": 60, "elap_time": 0.44462084770202637}, "LSNN2opt": {"path": [3, 19, 32, 28, 7, 26, 27, 39, 25, 4, 37, 31, 3], "score": 71, "duration": 60, "elap_time": 0.7420234680175781}, "LSMI2opt": {"path": [3, 5, 37, 4, 20, 7, 26, 3], "score": 41, "duration": 60, "elap_time": 0.0943293571472168}, "TSLS": {"path": [3, 19, 32, 28, 7, 26, 27, 39, 25, 4, 37, 31, 3], "score": 71, "duration": 60, "elap_time": 0.5701375007629395}, "TSLSINT": {"path": [3, 19, 32, 28, 7, 26, 27, 39, 25, 4, 37, 31, 3], "score": 71, "duration": 60, "elap_time": 0.35686659812927246}, "Grasp": {"path": [3, 41, 32, 28, 27, 25, 39, 31, 37, 4, 20, 7, 26, 19, 3], "score": 84, "duration": 60,