{"0": {"GreedyMaxGrad": {"path": [0, 5, 20, 4, 7, 16, 19, 0], "score": 50, "duration": 87, "elap_time": 0.0002961158752441406}, "GreedyNearNeigh": {"path": [0, 17, 19, 32, 28, 7, 26, 27, 25, 4, 37, 31, 39, 38, 5, 30, 9, 8, 0], "score": 109, "duration": 88, "elap_time": 0.0008478164672851562}, "GreedyMaxIns": {"path": [0, 19, 32, 28, 25, 39, 31, 16, 27, 26, 7, 37, 4, 5, 20, 0], "score": 97, "duration": 89, "elap_time": 0.05590558052062988}, "GreedyIndIns": {"path": [0, 20, 7, 26, 28, 41, 19, 40, 9, 5, 37, 27, 25, 4, 39, 38, 0], "score": 95, "duration": 90, "elap_time": 0.06255745887756348}, "GreedyRand": {"path": [0, 20, 5, 6, 9, 8, 7, 27, 28, 4, 25, 37, 0], "score": 79, "duration": 89, "elap_time": 0.0035822391510009766}, "LSMGSwap": {"path": [0, 31, 39, 11, 34, 20, 7, 26, 32, 28, 27, 25, 4, 37, 5, 9, 30, 16, 19, 0], "score": 124, "duration": 90, "elap_time": 1.7423863410949707}, "LSNNSwap": {"path": [0, 19, 32, 28, 7, 26, 27, 25, 4, 37, 31, 39, 5, 30, 9, 6, 8, 34, 20, 0], "score": 123, "duration": 89, "elap_time": 2.72548508644104}, "LSMISwap": {"path": [0, 19, 32, 28, 25, 39, 4, 37, 27, 34, 26, 7, 20, 16, 30, 9, 5, 31, 38, 0], "score": 120, "duration": 90, "elap_time": 1.9058935642242432}, "LSMG2opt": {"path": [0, 31, 16, 30, 9, 6, 8, 5, 37, 27, 25, 39, 4, 20, 7, 26, 28, 32, 19, 0], "score": 125, "duration": 90, "elap_time": 1.8077270984649658}, "LSNN2opt": {"path": [0, 40, 19, 32, 28, 7, 26, 27, 25, 4, 37, 31, 39, 14, 8, 6, 9, 30, 5, 38, 0], "score": 123, "duration": 90, "elap_time": 2.8330838680267334}, "LSMI2opt": {"path": [0, 40, 19, 32, 28, 25, 39, 31, 16, 30, 9, 5, 37, 4, 27, 34, 26, 7, 20, 0], "score": 122, "duration": 89, "elap_time": 3.545705795288086}, "TSLS": {"path": [0, 31, 16, 30, 9, 6, 8, 5, 37, 27, 25, 39, 4, 20, 7, 26, 28, 32, 19, 0], "score": 125, "duration": 90, "elap_time": 4.273007392883301}, "TSLSINT": {"path": [0, 31, 16, 30, 9, 6, 8, 5, 37, 27, 25, 39, 4, 20, 7, 26, 28, 32, 19, 0], "score": 125, "duration": 90, "elap_time": 4.195042371749878}, "Grasp": {"path": [0, 38, 39, 5, 9, 30, 16, 31, 37, 25, 28, 27, 4, 20, 7, 26, 32, 33, 10, 22, 19, 0], "score": 130, "duration": 89, "elap_time": 21.375919580459595}}, "1": {"GreedyMaxGrad": {"path": [1, 5, 20, 4, 7, 16, 19, 27, 28, 32, 26, 1], "score": 76, "duration": 87, "elap_time": 0.00045371055603027344}, "GreedyNearNeigh": {"path": [1, 28, 7, 26, 27, 25, 4, 37, 31, 39, 38, 5, 30, 9, 6, 8, 14, 11, 10, 22, 33, 32, 41, 34, 20, 1], "score": 152, "duration": 85, "elap_time": 0.0011632442474365234}, "GreedyMaxIns": {"path": [1, 28, 27, 32, 19, 16, 30, 9, 6, 8, 34, 26, 7, 25, 39, 4, 37, 5, 20, 1], "score": 124, "duration": 89, "elap_time": 0.0990302562713623}, "GreedyIndIns": {"path": [1, 28, 26, 7, 20, 8, 5, 37, 4, 22, 33, 10, 41, 32, 19, 40, 27, 25, 39, 1], "score": 114, "duration": 89, "elap_time": 0.09498167037963867}, "GreedyRand": {"path": [1, 5, 4, 7, 20, 12, 27, 9, 39, 28, 26, 1], "score": 74, "duration": 88, "elap_time": 0.003579854965209961}, "LSMGSwap": {"path": [1, 7, 20, 4, 37, 5, 9, 30, 16, 19, 27, 28, 32, 33, 10, 22, 18, 36, 34, 26, 1], "score": 127, "duration": 90, "elap_time": 1.7031643390655518}, "LSNNSwap": {"path": [1, 28, 7, 26, 27, 25, 4, 37, 31, 39, 38, 5, 30, 9, 6, 8, 14, 11, 10, 36, 22, 33, 32, 41, 34, 20, 1], "score": 156, "duration": 89, "elap_time": 3.6437950134277344}, "LSMISwap": {"path": [1, 28, 27, 32, 19, 16, 30, 9, 6, 8, 34, 26, 7, 25, 39, 4, 37, 5, 20, 1], "score": 124, "duration": 89, "elap_time": 2.3548922538757324}, "LSMG2opt": {"path": [1, 20, 34, 7, 25, 39, 4, 37, 31, 5, 8, 6, 9, 30, 16, 19, 41, 32, 28, 27, 26, 1], "score": 135, "duration": 90, "elap_time": 3.7793760299682617}, "LSNN2opt": {"path": [1, 28, 7, 26, 27, 25, 4, 37, 31, 39, 38, 5, 30, 9, 6, 8, 14, 11, 10, 36, 22, 33, 32, 41, 34, 20, 1], "score": 156, "duration": 89, "elap_time": 4.176103591918945}, "LSMI2opt": {"path": [1, 28, 27, 25, 39, 4, 37, 31, 16, 30, 5, 9, 6, 8, 34, 26, 7, 41, 22, 33, 32, 19, 20, 1], "score": 145, "duration": 89, "elap_time": 3.700524091720581}, "TSLS": {"path": [1, 28, 7, 26, 27, 25, 4, 37, 31, 39, 38, 5, 30, 9, 6, 8, 14, 11, 10, 36, 22, 33, 32, 41, 34, 20, 1], "score": 156, "duration": 89, "elap_time": 6.628788232803345}, "TSLSINT": {"path": [1, 28, 7, 26, 27, 25, 4, 37, 31, 39, 38, 5, 30, 9, 6, 8, 14, 11, 10, 36, 22, 33, 32, 41, 34, 20, 1], "score": 156, "duration": 89, "elap_time": 4.0874857902526855}, "Grasp": {"path": [1, 20, 4, 37, 25, 39, 31, 16, 30, 5, 9, 6, 8, 14, 11, 10, 33, 22, 36, 34, 26, 7, 28, 27, 1], "score": 151, "duration": 90, "elap_time": 34.940317153930664}}, "2": {"GreedyMaxGrad": {"path": [2, 5, 20, 4, 7, 16, 27, 28, 8, 9, 2], "score": 72, "duration": 89, "elap_time": 0.00041985511779785156}, "GreedyNearNeigh": {"path": [2, 9, 5, 30, 37, 4, 25, 27, 28, 7, 26, 34, 20, 39, 31, 38, 16, 17, 2], "score": 111, "duration": 89, "elap_time": 0.0009441375732421875}, "GreedyMaxIns": {"path": [2, 25, 39, 28, 27, 37, 31, 16, 19, 32, 41, 26, 7, 4, 5, 20, 2], "score": 101, "duration": 90, "elap_time": 0.06545901298522949}, "GreedyIndIns": {"path": [2, 9, 14, 8, 6, 30, 5, 37, 4, 20, 7, 26, 28, 32, 41, 19, 40, 27, 25, 39, 2], "score": 126, "duration": 89, "elap_time": 0.10656428337097168}, "GreedyRand": {"path": [2, 19, 27, 28, 9, 30, 16, 5, 20, 2], "score": 64, "duration": 89, "elap_time": 0.0025565624237060547}, "LSMGSwap": {"path": [2, 25, 28, 26, 7, 20, 4, 37, 31, 5, 30, 16, 19, 27, 39, 8, 6, 9, 2], "score": 119, "duration": 90, "elap_time": 1.5347697734832764}, "LSNNSwap": {"path": [2, 9, 30, 5, 37, 4, 25, 27, 28, 19, 22, 10, 33, 41, 32, 7, 26, 34, 20, 16, 31, 39, 2], "score": 137, "duration": 89, "elap_time": 3.6696856021881104}, "LSMISwap": {"path": [2, 39, 25, 28, 27, 37, 31, 16, 19, 32, 41, 34, 26, 7, 20, 5, 30, 9, 4, 2], "score": 121, "duration": 89, "elap_time": 2.6054248809814453}, "LSMG2opt": {"path": [2, 39, 11, 34, 26, 7, 20, 4, 37, 25, 27, 28, 32, 19, 16, 30, 5, 8, 6, 9, 2], "score": 131, "duration": 88, "elap_time": 2.580678701400757}, "LSNN2opt": {"path": [2, 9, 6, 8, 5, 30, 16, 40, 19, 20, 7, 26, 34, 41, 32, 28, 27, 25, 4, 37, 31, 39, 2], "score": 140, "duration": 90, "elap_time": 2.949784278869629}, "LSMI2opt": {"path": [2, 39, 31, 37, 4, 25, 28, 27, 7, 26, 34, 41, 32, 19, 40, 16, 9, 30, 5, 20, 2], "score": 126, "duration": 90, "elap_time": 3.0345349311828613}, "TSLS": {"path": [2, 9, 6, 8, 5, 30, 16, 40, 19, 20, 7, 26, 34, 41, 32, 28, 27, 25, 4, 37, 31, 39, 2], "score": 140, "duration": 90, "elap_time": 7.518296241760254}, "TSLSINT": {"path": [2, 9, 6, 8, 5, 30, 16, 40, 19, 20, 7, 26, 34, 41, 32, 28, 27, 25, 4, 37, 31, 39, 2], "score": 140, "duration": 90, "elap_time": 2.9312314987182617}, "Grasp": {"path": [2, 39, 11, 10, 22, 36, 13, 18, 33, 32, 19, 20, 7, 26, 28, 27, 25, 4, 37, 31, 5, 30, 9, 2], "score": 144, "duration": 90, "elap_time": 28.28008723258972}}, "3": {"GreedyMaxGrad": {"path": [3, 5, 20, 4, 7, 19, 40, 3], "score": 47, "duration": 86, "elap_time": 0.00029587745666503906}, "GreedyNearNeigh": {"path": [3, 19, 32, 28, 7, 26, 27, 25, 4, 37, 31, 39, 38, 5, 30, 9, 16, 3], "score": 105, "duration": 89, "elap_time": 0.0008399486541748047}, "GreedyMaxIns": {"path": [3, 41, 32, 28, 26, 7, 27, 25, 37, 4, 9, 30, 16, 5, 20, 19, 3], "score": 102, "duration": 90, "elap_time": 0.06344056129455566}, "GreedyIndIns": {"path": [3, 41, 7, 26, 40, 30, 9, 5, 37, 4, 25, 39, 27, 28, 19, 3], "score": 90, "duration": 89, "elap_time": 0.05304527282714844}, "GreedyRand": {"path": [3, 27, 20, 10, 7, 32, 41, 3], "score": 41, "duration": 88, "elap_time": 0.0015344619750976562}, "LSMGSwap": {"path": [3, 40, 16, 30, 9, 5, 20, 4, 37, 31, 39, 25, 27, 26, 7, 28, 32, 19, 3], "score": 116, "duration": 89, "elap_time": 1.8754479885101318}, "LSNNSwap": {"path": [3, 19, 32, 28, 7, 20, 34, 26, 27, 25, 4, 37, 31, 39, 5, 9, 30, 16, 3], "score": 117, "duration": 90, "elap_time": 1.6191377639770508}, "LSMISwap": {"path": [3, 41, 32, 28, 26, 7, 27, 39, 25, 37, 5, 9, 30, 16, 31, 4, 20, 19, 3], "score": 115, "duration": 90, "elap_time": 1.5873026847839355},