{"0": {"GreedyMaxGrad": {"path": [0, 5, 20, 4, 27, 25, 37, 31, 0], "score": 49, "duration": 49, "elap_time": 0.00038743019104003906}, "GreedyNearNeigh": {"path": [0, 17, 19, 32, 28, 27, 25, 4, 37, 31, 0], "score": 58, "duration": 48, "elap_time": 0.0005021095275878906}, "GreedyMaxIns": {"path": [0, 37, 4, 5, 25, 27, 28, 7, 20, 19, 0], "score": 66, "duration": 50, "elap_time": 0.023093223571777344}, "GreedyIndIns": {"path": [0, 37, 4, 20, 7, 26, 41, 34, 40, 0], "score": 47, "duration": 50, "elap_time": 0.01699662208557129}, "GreedyRand": {"path": [0, 27, 4, 9, 30, 37, 31, 0], "score": 40, "duration": 49, "elap_time": 0.0014781951904296875}, "LSMGSwap": {"path": [0, 30, 5, 20, 4, 27, 25, 37, 31, 0], "score": 56, "duration": 50, "elap_time": 0.2889106273651123}, "LSNNSwap": {"path": [0, 19, 32, 7, 28, 27, 25, 4, 5, 37, 31, 0], "score": 70, "duration": 50, "elap_time": 0.6124014854431152}, "LSMISwap": {"path": [0, 31, 37, 5, 4, 25, 27, 28, 7, 20, 19, 0], "score": 73, "duration": 50, "elap_time": 0.5612640380859375}, "LSMG2opt": {"path": [0, 25, 28, 27, 4, 20, 5, 37, 31, 0], "score": 57, "duration": 50, "elap_time": 0.4431438446044922}, "LSNN2opt": {"path": [0, 19, 32, 7, 28, 27, 25, 4, 5, 37, 31, 0], "score": 70, "duration": 50, "elap_time": 0.649761438369751}, "LSMI2opt": {"path": [0, 31, 37, 5, 4, 25, 27, 28, 7, 20, 19, 0], "score": 73, "duration": 50, "elap_time": 0.45839977264404297}, "TSLS": {"path": [0, 31, 37, 5, 4, 25, 27, 28, 7, 20, 19, 0], "score": 73, "duration": 50, "elap_time": 0.271892786026001}, "TSLSINT": {"path": [0, 38, 5, 30, 9, 37, 4, 25, 27, 28, 7, 20, 0], "score": 75, "duration": 50, "elap_time": 0.3666269779205322}, "Grasp": {"path": [0, 19, 32, 28, 27, 26, 7, 20, 4, 39, 25, 37, 31, 0], "score": 80, "duration": 50, "elap_time": 4.006457567214966}}, "1": {"GreedyMaxGrad": {"path": [1, 5, 20, 4, 7, 27, 28, 31, 39, 25, 37, 1], "score": 71, "duration": 49, "elap_time": 0.0005109310150146484}, "GreedyNearNeigh": {"path": [1, 28, 7, 26, 27, 25, 4, 37, 31, 39, 38, 5, 30, 9, 20, 1], "score": 92, "duration": 43, "elap_time": 0.0008401870727539062}, "GreedyMaxIns": {"path": [1, 28, 27, 26, 7, 25, 39, 4, 37, 9, 30, 16, 5, 20, 1], "score": 90, "duration": 46, "elap_time": 0.05551958084106445}, "GreedyIndIns": {"path": [1, 20, 7, 26, 28, 41, 19, 40, 27, 37, 4, 25, 39, 1], "score": 76, "duration": 50, "elap_time": 0.04478883743286133}, "GreedyRand": {"path": [1, 19, 31, 25, 28, 26, 7, 1], "score": 40, "duration": 47, "elap_time": 0.0015707015991210938}, "LSMGSwap": {"path": [1, 4, 5, 30, 9, 6, 20, 7, 26, 27, 37, 31, 39, 25, 28, 1], "score": 96, "duration": 49, "elap_time": 1.5100603103637695}, "LSNNSwap": {"path": [1, 26, 7, 28, 27, 25, 4, 39, 31, 37, 5, 30, 9, 6, 8, 34, 20, 1], "score": 109, "duration": 50, "elap_time": 2.1993727684020996}, "LSMISwap": {"path": [1, 28, 7, 26, 27, 25, 39, 31, 4, 37, 9, 30, 16, 5, 20, 1], "score": 97, "duration": 49, "elap_time": 2.0722830295562744}, "LSMG2opt": {"path": [1, 26, 7, 34, 20, 5, 30, 9, 37, 25, 39, 31, 32, 28, 27, 4, 1], "score": 101, "duration": 50, "elap_time": 2.9893579483032227}, "LSNN2opt": {"path": [1, 26, 7, 20, 34, 8, 6, 9, 30, 5, 39, 31, 37, 4, 25, 27, 28, 1], "score": 109, "duration": 50, "elap_time": 2.436568260192871}, "LSMI2opt": {"path": [1, 28, 7, 26, 27, 25, 39, 31, 4, 37, 9, 30, 16, 5, 20, 1], "score": 97, "duration": 49, "elap_time": 2.4054582118988037}, "TSLS": {"path": [1, 26, 7, 28, 27, 25, 4, 39, 31, 37, 5, 30, 9, 6, 8, 34, 20, 1], "score": 109, "duration": 50, "elap_time": 1.687697410583496}, "TSLSINT": {"path": [1, 26, 7, 28, 27, 25, 4, 39, 31, 37, 5, 30, 9, 6, 8, 34, 20, 1], "score": 109, "duration": 50, "elap_time": 1.5777270793914795}, "Grasp": {"path": [1, 26, 7, 20, 34, 8, 6, 9, 30, 5, 37, 31, 39, 25, 4, 27, 28, 1], "score": 109, "duration": 49, "elap_time": 18.545554637908936}}, "2": {"GreedyMaxGrad": {"path": [2, 5, 20, 4, 7, 27, 28, 9, 2], "score": 57, "duration": 47, "elap_time": 0.0004527568817138672}, "GreedyNearNeigh": {"path": [2, 9, 5, 30, 37, 4, 25, 27, 28, 7, 26, 34, 20, 39, 2], "score": 88, "duration": 39, "elap_time": 0.0008859634399414062}, "GreedyMaxIns": {"path": [2, 39, 25, 28, 27, 26, 7, 32, 31, 37, 4, 5, 20, 2], "score": 81, "duration": 50, "elap_time": 0.06685757637023926}, "GreedyIndIns": {"path": [2, 9, 30, 5, 37, 4, 25, 27, 28, 7, 26, 40, 38, 39, 2], "score": 81, "duration": 50, "elap_time": 0.053942203521728516}, "GreedyRand": {"path": [2, 7, 28, 27, 14, 8, 2], "score": 38, "duration": 47, "elap_time": 0.0016896724700927734}, "LSMGSwap": {"path": [2, 5, 37, 4, 20, 7, 26, 28, 27, 25, 39, 31, 16, 30, 9, 2], "score": 97, "duration": 48, "elap_time": 1.5787830352783203}, "LSNNSwap": {"path": [2, 9, 5, 30, 16, 31, 37, 4, 25, 27, 28, 7, 20, 34, 26, 39, 2], "score": 103, "duration": 50, "elap_time": 1.2707176208496094}, "LSMISwap": {"path": [2, 39, 25, 27, 28, 7, 26, 34, 41, 32, 31, 37, 4, 20, 5, 30, 9, 2], "score": 105, "duration": 49, "elap_time": 2.1128993034362793}, "LSMG2opt": {"path": [2, 5, 37, 4, 20, 7, 26, 28, 27, 25, 39, 31, 16, 30, 9, 2], "score": 97, "duration": 48, "elap_time": 2.170761823654175}, "LSNN2opt": {"path": [2, 9, 5, 30, 16, 20, 34, 26, 7, 28, 27, 25, 4, 37, 31, 39, 2], "score": 103, "duration": 50, "elap_time": 1.683934211730957}, "LSMI2opt": {"path": [2, 39, 25, 27, 28, 7, 26, 34, 41, 32, 31, 37, 4, 20, 5, 30, 9, 2], "score": 105, "duration": 49, "elap_time": 2.855313539505005}, "TSLS": {"path": [2, 39, 25, 27, 28, 7, 26, 34, 41, 32, 31, 37, 4, 20, 5, 30, 9, 2], "score": 105, "duration": 49, "elap_time": 0.9235959053039551}, "TSLSINT": {"path": [2, 39, 25, 27, 28, 7, 26, 34, 41, 32, 31, 37, 4, 20, 5, 30, 9, 2], "score": 105, "duration": 49, "elap_time": 1.4318814277648926}, "Grasp": {"path": [2, 9, 30, 5, 37, 4, 20, 7, 26, 27, 28, 32, 33, 22, 10, 11, 39, 25, 2], "score": 111, "duration": 50, "elap_time": 12.861454725265503}}, "3": {"GreedyMaxGrad": {"path": [3, 20, 7, 28, 19, 3], "score": 33, "duration": 49, "elap_time": 0.0002453327178955078}, "GreedyNearNeigh": {"path": [3, 19, 32, 28, 7, 26, 41, 3], "score": 38, "duration": 49, "elap_time": 0.0003387928009033203}, "GreedyMaxIns": {"path": [3, 41, 32, 28, 7, 20, 19, 3], "score": 43, "duration": 50, "elap_time": 0.010149717330932617}, "GreedyIndIns": {"path": [3, 41, 34, 40, 3], "score": 15, "duration": 50, "elap_time": 0.0028808116912841797}, "GreedyRand": {"path": [3, 40, 17, 3], "score": 10, "duration": 45, "elap_time": 0.00038242340087890625}, "LSMGSwap": {"path": [3, 41, 32, 28, 7, 20, 19, 3], "score": 43, "duration": 50, "elap_time": 0.14231610298156738}, "LSNNSwap": {"path": [3, 41, 32, 28, 27, 7, 26, 19, 3], "score": 46, "duration": 50, "elap_time": 0.1878499984741211}, "LSMISwap": {"path": [3, 41, 32, 28, 7, 20, 19, 3], "score": 43, "duration": 50, "elap_time": 0.14706873893737793}, "LSMG2opt": {"path": [3, 41, 32, 28, 7, 20, 19, 3], "score": 43, "duration": 50, "elap_time": 0.13770437240600586}, "LSNN2opt": {"path": [3, 19, 26, 7, 27, 28, 32, 41, 3], "score": 46, "duration": 50, "elap_time": 0.18700790405273438}, "LSMI2opt": {"path": [3, 41, 32, 28, 7, 20, 19, 3], "score": 43, "duration": 50, "elap_time": 0.14844107627868652}, "TSLS": {"path": [3, 41, 32, 28, 27, 7, 26, 19, 3], "score": 46, "duration": 50, "elap_time": 0.07231640815734863}, "TSLSINT": {"path": [3, 41, 32, 28, 27, 7, 26, 19, 3], "score": 46, "duration": 50, "elap_time": 0.1038048267364502}, "Grasp": {"path": [3, 41, 32, 28, 1, 26, 7, 20, 19, 3], "score": 47, "duration": 50, "elap_time": 0.705296516418457}}}