{"0": {"GreedyMaxGrad": {"path": [0, 29, 36, 22, 30, 37, 16, 11, 7, 4, 2, 0], "score": 282, "duration": 49.99967234379699, "elap_time": 0.0007009506225585938}, "GreedyNearNeigh": {"path": [0, 2, 4, 7, 11, 16, 22, 29, 37, 30, 23, 17, 12, 8, 5, 3, 6, 9, 13, 18, 24, 31, 38, 44, 50, 45, 39, 32, 25, 19, 14, 10, 0], "score": 672, "duration": 48.08326112068522, "elap_time": 0.0024564266204833984}, "GreedyMaxIns": {"path": [0, 35, 28, 30, 37, 22, 29, 23, 36, 21, 15, 10, 6, 3, 0], "score": 384, "duration": 49.99746058531647, "elap_time": 0.08372235298156738}, "GreedyIndIns": {"path": [0, 10, 9, 8, 7, 6, 5, 4, 3, 2, 13, 25, 40, 52, 63, 57, 47, 33, 19, 0], "score": 240, "duration": 49.92751269480999, "elap_time": 0.17947745323181152}, "GreedyRand": {"path": [0, 43, 28, 36, 23, 16, 35, 34, 26, 10, 2, 0], "score": 288, "duration": 48.53466790903316, "elap_time": 0.006128072738647461}, "LSMGSwap": {"path": [0, 3, 6, 10, 15, 21, 27, 42, 49, 43, 36, 28, 35, 34, 26, 33, 32, 24, 31, 38, 39, 45, 44, 37, 29, 22, 30, 23, 16, 11, 7, 4, 2, 0], "score": 864, "duration": 49.59797974644664, "elap_time": 29.35361671447754}, "LSNNSwap": {"path": [0, 2, 4, 7, 11, 16, 22, 29, 37, 30, 23, 17, 24, 31, 38, 44, 50, 45, 39, 32, 33, 26, 34, 42, 27, 35, 43, 36, 28, 21, 15, 10, 6, 3, 0], "score": 882, "duration": 49.25483399593902, "elap_time": 47.31203031539917}, "LSMISwap": {"path": [0, 14, 20, 27, 35, 26, 25, 32, 31, 38, 30, 37, 29, 22, 16, 23, 24, 33, 34, 42, 49, 43, 36, 28, 21, 15, 10, 6, 3, 0], "score": 786, "duration": 49.90938964754441, "elap_time": 19.92670702934265}, "LSMG2opt": {"path": [0, 3, 6, 10, 15, 21, 27, 34, 35, 28, 36, 43, 49, 42, 41, 33, 32, 39, 45, 38, 44, 37, 29, 22, 30, 23, 31, 17, 16, 11, 7, 4, 2, 0], "score": 864, "duration": 49.59797974644665, "elap_time": 34.58735179901123}, "LSNN2opt": {"path": [0, 2, 4, 7, 11, 16, 22, 29, 37, 30, 23, 17, 12, 19, 14, 10, 15, 20, 26, 33, 25, 32, 39, 45, 50, 44, 38, 31, 24, 18, 13, 9, 6, 3, 0], "score": 750, "duration": 49.831325218480494, "elap_time": 43.82695174217224}, "LSMI2opt": {"path": [0, 2, 4, 7, 11, 17, 23, 16, 22, 29, 37, 44, 30, 38, 31, 24, 32, 25, 33, 26, 20, 27, 34, 42, 49, 43, 36, 28, 35, 21, 15, 10, 6, 3, 0], "score": 882, "duration": 49.25483399593902, "elap_time": 34.436707735061646}, "TSLS": {"path": [0, 2, 4, 7, 11, 16, 22, 29, 37, 30, 23, 17, 24, 31, 38, 44, 50, 45, 39, 32, 33, 26, 34, 42, 27, 35, 43, 36, 28, 21, 15, 10, 6, 3, 0], "score": 882, "duration": 49.25483399593902, "elap_time": 45.67839312553406}, "TSLSINT": {"path": [0, 2, 4, 7, 11, 16, 22, 29, 37, 30, 23, 17, 24, 31, 38, 44, 50, 45, 39, 32, 33, 26, 34, 42, 27, 35, 43, 36, 28, 21, 15, 10, 6, 3, 0], "score": 882, "duration": 49.25483399593902, "elap_time": 24.571563243865967}, "Grasp": {"path": [0, 2, 4, 7, 12, 17, 11, 16, 22, 29, 37, 44, 38, 30, 23, 31, 24, 32, 33, 26, 20, 27, 34, 42, 49, 43, 35, 36, 28, 21, 15, 10, 6, 3, 0], "score": 882, "duration": 49.25483399593902, "elap_time": 315.12656331062317}}, "1": {"GreedyMaxGrad": {"path": [1, 29, 36, 22, 30, 37, 38, 45, 51, 56, 60, 1], "score": 282, "duration": 49.42318112125552, "elap_time": 0.0008602142333984375}, "GreedyNearNeigh": {"path": [1, 62, 59, 55, 50, 44, 37, 29, 22, 16, 11, 7, 4, 2, 5, 3, 6, 9, 13, 8, 12, 17, 23, 30, 38, 31, 24, 18, 25, 32, 39, 45, 51, 56, 1], "score": 684, "duration": 49.8313252184805, "elap_time": 0.003069162368774414}, "GreedyMaxIns": {"path": [1, 35, 28, 30, 37, 22, 29, 23, 36, 43, 49, 54, 58, 61, 63, 1], "score": 420, "duration": 49.99746058531646, "elap_time": 0.11908960342407227}, "GreedyIndIns": {"path": [1, 60, 52, 40, 25, 13, 10, 9, 8, 12, 11, 7, 6, 5, 4, 3, 2, 18, 32, 63, 1], "score": 258, "duration": 49.99077084138558, "elap_time": 0.25516200065612793}, "GreedyRand": {"path": [1, 36, 30, 43, 27, 21, 28, 35, 49, 48, 63, 1], "score": 306, "duration": 49.90227328303707, "elap_time": 0.006862163543701172}, "LSMGSwap": {"path": [1, 63, 61, 58, 54, 49, 42, 34, 27, 35, 43, 36, 28, 21, 15, 20, 26, 33, 25, 32, 24, 31, 23, 16, 22, 29, 30, 37, 44, 38, 45, 51, 56, 60, 1], "score": 882, "duration": 49.25483399593903, "elap_time": 33.219136238098145}, "LSNNSwap": {"path": [1, 62, 59, 55, 50, 44, 37, 29, 22, 16, 11, 7, 4, 2, 5, 3, 6, 9, 13, 8, 12, 17, 23, 30, 38, 31, 24, 18, 25, 32, 39, 45, 51, 56, 1], "score": 684, "duration": 49.8313252184805, "elap_time": 24.05557632446289}, "LSMISwap": {"path": [1, 48, 42, 36, 28, 21, 27, 26, 32, 31, 30, 37, 29, 22, 16, 23, 24, 33, 34, 35, 43, 49, 54, 58, 61, 63, 1], "score": 720, "duration": 49.94520187331994, "elap_time": 13.327202558517456}, "LSMG2opt": {"path": [1, 63, 61, 58, 54, 49, 43, 36, 28, 35, 21, 27, 34, 42, 41, 33, 32, 24, 31, 23, 17, 11, 16, 22, 29, 30, 37, 44, 38, 45, 51, 56, 60, 1], "score": 864, "duration": 49.59797974644665, "elap_time": 37.890923261642456}, "LSNN2opt": {"path": [1, 62, 59, 55, 50, 44, 37, 29, 22, 16, 11, 7, 4, 2, 5, 3, 6, 9, 13, 8, 12, 17, 23, 30, 38, 31, 24, 18, 25, 32, 39, 45, 51, 56, 1], "score": 684, "duration": 49.8313252184805, "elap_time": 23.821941375732422}, "LSMI2opt": {"path": [1, 62, 59, 55, 50, 44, 37, 29, 22, 30, 23, 16, 11, 17, 24, 31, 38, 39, 32, 33, 34, 42, 27, 21, 28, 35, 36, 43, 49, 54, 58, 61, 63, 1], "score": 864, "duration": 49.59797974644664, "elap_time": 34.67373704910278}, "TSLS": {"path": [1, 63, 61, 58, 54, 49, 42, 34, 27, 35, 43, 36, 28, 21, 15, 20, 26, 33, 25, 32, 24, 31, 23, 16, 22, 29, 30, 37, 44, 38, 45, 51, 56, 60, 1], "score": 882, "duration": 49.25483399593903, "elap_time": 35.95059108734131}, "TSLSINT": {"path": [1, 63, 61, 58, 54, 49, 42, 34, 27, 35, 43, 36, 28, 21, 15, 20, 26, 33, 25, 32, 24, 31, 23, 16, 22, 29, 30, 37, 44, 38, 45, 51, 56, 60, 1], "score": 882, "duration": 49.25483399593903, "elap_time": 49.466575622558594}, "Grasp": {"path": [1, 56, 51, 45, 50, 44, 38, 30, 37, 29, 22, 16, 23, 31, 24, 32, 25, 33, 26, 34, 42, 35, 27, 20, 15, 21, 28, 36, 43, 49, 54, 58, 61, 63, 1], "score": 900, "duration": 49.831325218480494, "elap_time": 267.8702459335327}}}