{"GreedyMaxGrad": {"path": [0, 29, 36, 22, 30, 37, 16, 11, 7, 4, 2, 0], "score": 282, "duration": 49.99967234379699, "elap_time": 0.001621246337890625}, "GreedyNearNeigh": {"path": [0, 2, 4, 7, 11, 16, 22, 29, 37, 30, 23, 17, 12, 8, 5, 3, 6, 9, 13, 18, 24, 31, 38, 44, 50, 45, 39, 32, 25, 19, 14, 10, 0], "score": 672, "duration": 48.08326112068522, "elap_time": 0.004724264144897461}, "GreedyMaxIns": {"path": [0, 35, 28, 30, 37, 22, 29, 23, 36, 21, 15, 10, 6, 3, 0], "score": 384, "duration": 49.99746058531647, "elap_time": 0.08644533157348633}, "GreedyIndIns": {"path": [0, 10, 9, 8, 7, 6, 5, 4, 3, 2, 13, 25, 40, 52, 63, 57, 47, 33, 19, 0], "score": 240, "duration": 49.92751269480999, "elap_time": 0.17646241188049316}, "GreedyRand": {"path": [0, 37, 21, 27, 31, 16, 30, 15, 3, 0], "score": 222, "duration": 49.85914997997366, "elap_time": 0.0047419071197509766}, "LSMGSwap": {"path": [0, 3, 6, 10, 15, 21, 27, 42, 49, 43, 36, 28, 35, 34, 26, 33, 32, 24, 31, 38, 39, 45, 44, 37, 29, 22, 30, 23, 16, 11, 7, 4, 2, 0], "score": 864, "duration": 49.59797974644664, "elap_time": 27.14904475212097}, "LSNNSwap": {"path": [0, 2, 4, 7, 11, 16, 22, 29, 37, 30, 23, 17, 24, 31, 38, 44, 50, 45, 39, 32, 33, 26, 34, 42, 27, 35, 43, 36, 28, 21, 15, 10, 6, 3, 0], "score": 882, "duration": 49.25483399593902, "elap_time": 39.8822865486145}, "LSMISwap": {"path": [0, 14, 20, 27, 35, 26, 25, 32, 31, 38, 30, 37, 29, 22, 16, 23, 24, 33, 34, 42, 49, 43, 36, 28, 21, 15, 10, 6, 3, 0], "score": 786, "duration": 49.90938964754441, "elap_time": 15.910980463027954}, "LSMG2opt": {"path": [0, 3, 6, 10, 15, 21, 27, 34, 35, 28, 36, 43, 49, 42, 41, 33, 32, 39, 45, 38, 44, 37, 29, 22, 30, 23, 31, 17, 16, 11, 7, 4, 2, 0], "score": 864, "duration": 49.59797974644665, "elap_time": 28.54241633415222}, "LSNN2opt": {"path": [0, 2, 4, 7, 11, 16, 22, 29, 37, 30, 23, 17, 12, 19, 14, 10, 15, 20, 26, 33, 25, 32, 39, 45, 50, 44, 38, 31, 24, 18, 13, 9, 6, 3, 0], "score": 750, "duration": 49.831325218480494, "elap_time": 34.59674882888794}, "LSMI2opt": {"path": [0, 2, 4, 7, 11, 17, 23, 16, 22, 29, 37, 44, 30, 38, 31, 24, 32, 25, 33, 26, 20, 27, 34, 42, 49, 43, 36, 28, 35, 21, 15, 10, 6, 3, 0], "score": 882, "duration": 49.25483399593902, "elap_time": 26.680556058883667}, "TSLS": {"path": [0, 2, 4, 7, 11, 16, 22, 29, 37, 30, 23, 17, 24, 31, 38, 44, 50, 45, 39, 32, 33, 26, 34, 42, 27, 35, 43, 36, 28, 21, 15, 10, 6, 3, 0], "score": 882, "duration": 49.25483399593902, "elap_time": 15.45382046699524}, "TSLSINT": {"path": [0, 2, 4, 7, 11, 16, 22, 29, 37, 30, 23, 17, 24, 31, 38, 44, 50, 45, 39, 32, 33, 26, 34, 42, 27, 35, 43, 36, 28, 21, 15, 10, 6, 3, 0], "score": 882, "duration": 49.25483399593902, "elap_time": 9.461602926254272}, "Grasp": {"path": [0, 2, 4, 7, 11, 17, 23, 16, 22, 29, 37, 44, 30, 38, 31, 24, 32, 33, 26, 34, 42, 49, 43, 36, 28, 35, 27, 21, 15, 20, 14, 10, 6, 3, 0], "score": 882, "duration": 49.254833995939016, "elap_time": 257.40053057670593}}