{"0": {"GreedyMaxGrad": {"path": [0, 2, 3, 4, 5, 6, 7, 8, 9, 10, 17, 18, 26, 34, 42, 35, 0], "score": 515, "duration": 79.88533821393476, "elap_time": 0.001065969467163086}, "GreedyNearNeigh": {"path": [0, 29, 21, 13, 5, 4, 3, 2, 10, 11, 12, 20, 19, 18, 26, 27, 28, 36, 35, 34, 42, 43, 44, 45, 37, 38, 30, 22, 14, 6, 7, 8, 9, 17, 16, 15, 23, 24, 31, 0], "score": 920, "duration": 78.98784237864518, "elap_time": 0.0031495094299316406}, "GreedyMaxIns": {"path": [0, 34, 26, 18, 10, 21, 33, 25, 17, 9, 8, 7, 6, 5, 4, 3, 2, 11, 30, 49, 57, 65, 64, 38, 0], "score": 715, "duration": 79.99418751847237, "elap_time": 0.4027693271636963}, "GreedyIndIns": {"path": [0, 30, 23, 16, 15, 14, 13, 12, 11, 10, 19, 20, 21, 22, 17, 9, 8, 7, 6, 5, 4, 3, 2, 29, 38, 47, 56, 65, 0], "score": 675, "duration": 79.98600282089014, "elap_time": 0.5654034614562988}, "GreedyRand": {"path": [0, 7, 6, 17, 26, 33, 3, 25, 16, 30, 0], "score": 275, "duration": 79.7125194991967, "elap_time": 0.006579160690307617}, "LSMGSwap": {"path": [0, 46, 54, 61, 62, 63, 64, 65, 57, 49, 41, 33, 25, 17, 9, 8, 7, 6, 5, 4, 3, 2, 10, 11, 19, 18, 26, 34, 43, 60, 59, 58, 50, 42, 35, 36, 0], "score": 1135, "duration": 79.95157424012808, "elap_time": 36.46863079071045}, "LSNNSwap": {"path": [0, 21, 13, 5, 4, 3, 2, 10, 11, 12, 20, 19, 18, 26, 27, 28, 36, 35, 34, 42, 43, 44, 45, 46, 38, 30, 22, 14, 6, 7, 8, 9, 17, 16, 15, 23, 24, 32, 31, 0], "score": 950, "duration": 79.73396366871637, "elap_time": 32.805476665496826}, "LSMISwap": {"path": [0, 36, 35, 34, 26, 18, 19, 20, 21, 22, 32, 33, 25, 17, 9, 8, 7, 6, 5, 4, 3, 2, 10, 11, 12, 31, 40, 49, 57, 65, 64, 55, 46, 0], "score": 930, "duration": 79.99110391580224, "elap_time": 23.69212317466736}, "LSMG2opt": {"path": [0, 36, 43, 42, 50, 58, 59, 60, 61, 62, 63, 64, 65, 57, 49, 48, 41, 33, 25, 17, 9, 8, 7, 6, 5, 13, 12, 4, 11, 3, 2, 10, 18, 26, 34, 35, 28, 29, 0], "score": 1165, "duration": 79.78584445398434, "elap_time": 41.36355471611023}, "LSNN2opt": {"path": [0, 21, 13, 5, 4, 3, 2, 10, 11, 12, 20, 19, 18, 26, 27, 28, 36, 35, 34, 42, 43, 44, 45, 46, 47, 48, 40, 32, 24, 23, 15, 16, 17, 9, 8, 7, 6, 14, 22, 30, 0], "score": 995, "duration": 79.81061639231716, "elap_time": 43.25876784324646}, "LSMI2opt": {"path": [0, 29, 21, 13, 12, 11, 19, 27, 35, 43, 50, 42, 34, 26, 18, 10, 2, 3, 4, 5, 6, 7, 8, 9, 17, 25, 33, 32, 40, 41, 49, 57, 65, 64, 63, 62, 61, 53, 45, 37, 0], "score": 1165, "duration": 79.74923675122808, "elap_time": 41.45106053352356}, "TSLS": {"path": [0, 36, 43, 42, 50, 58, 59, 60, 61, 62, 63, 64, 65, 57, 49, 48, 41, 33, 25, 17, 9, 8, 7, 6, 5, 13, 12, 4, 11, 3, 2, 10, 18, 26, 34, 35, 28, 29, 0], "score": 1165, "duration": 79.78584445398434, "elap_time": 19.809905529022217}, "TSLSINT": {"path": [0, 36, 43, 42, 50, 58, 59, 60, 61, 62, 63, 64, 65, 57, 49, 48, 41, 33, 25, 17, 9, 8, 7, 6, 5, 13, 12, 4, 11, 3, 2, 10, 18, 26, 34, 35, 28, 29, 0], "score": 1165, "duration": 79.78584445398434, "elap_time": 28.099312782287598}, "Grasp": {"path": [0, 22, 14, 13, 5, 6, 7, 8, 9, 17, 25, 33, 41, 49, 57, 65, 64, 56, 55, 63, 62, 61, 60, 59, 58, 50, 42, 34, 26, 18, 19, 11, 10, 2, 3, 4, 12, 20, 28, 29, 0], "score": 1205, "duration": 79.81061639231716, "elap_time": 581.3199834823608}}, "1": {"GreedyMaxGrad": {"path": [1, 2, 3, 4, 5, 6, 7, 8, 9, 10, 17, 18, 26, 34, 42, 37, 1], "score": 495, "duration": 79.98600282089015, "elap_time": 0.0011401176452636719}, "GreedyNearNeigh": {"path": [1, 37, 29, 21, 13, 5, 4, 3, 2, 10, 11, 12, 20, 19, 18, 26, 27, 28, 36, 35, 34, 42, 43, 44, 45, 46, 38, 30, 22, 14, 6, 7, 8, 9, 17, 16, 15, 23, 31, 1], "score": 910, "duration": 78.47213595499957, "elap_time": 0.0032901763916015625}, "GreedyMaxIns": {"path": [1, 36, 35, 34, 26, 18, 10, 11, 32, 41, 33, 25, 17, 9, 8, 7, 6, 5, 4, 3, 2, 20, 29, 38, 47, 56, 65, 1], "score": 750, "duration": 79.99161446465904, "elap_time": 0.5557482242584229}, "GreedyIndIns": {"path": [1, 30, 23, 16, 15, 14, 13, 12, 11, 10, 19, 20, 21, 22, 17, 9, 8, 7, 6, 5, 4, 3, 2, 29, 38, 47, 56, 65, 1], "score": 675, "duration": 79.96408879280204, "elap_time": 0.5961847305297852}, "GreedyRand": {"path": [1, 10, 7, 3, 26, 18, 33, 34, 12, 20, 38, 1], "score": 290, "duration": 79.69510329153692, "elap_time": 0.007742643356323242}, "LSMGSwap": {"path": [1, 46, 54, 62, 63, 64, 65, 57, 49, 41, 33, 25, 17, 9, 8, 7, 6, 5, 4, 3, 2, 10, 11, 19, 18, 26, 34, 35, 43, 52, 61, 60, 59, 58, 50, 42, 36, 37, 1], "score": 1165, "duration": 79.9396065968091, "elap_time": 42.11871695518494}, "LSNNSwap": {"path": [1, 29, 21, 13, 5, 4, 3, 2, 10, 11, 19, 18, 26, 27, 35, 34, 42, 43, 44, 45, 38, 30, 22, 14, 6, 7, 8, 9, 17, 25, 33, 41, 40, 32, 24, 16, 15, 23, 31, 1], "score": 1000, "duration": 79.98530472872787, "elap_time": 43.941848278045654}, "LSMISwap": {"path": [1, 37, 36, 35, 34, 26, 18, 10, 2, 12, 22, 32, 41, 33, 25, 17, 9, 8, 7, 6, 5, 4, 3, 11, 20, 29, 38, 47, 56, 65, 1], "score": 795, "duration": 79.88591831424336, "elap_time": 16.865656852722168}, "LSMG2opt": {"path": [1, 29, 28, 27, 26, 18, 19, 12, 11, 10, 2, 3, 4, 5, 6, 7, 8, 9, 17, 25, 33, 41, 49, 57, 65, 64, 63, 62, 61, 60, 59, 58, 50, 51, 43, 42, 34, 35, 36, 37, 1], "score": 1195, "duration": 79.74923675122808, "elap_time": 44.16880774497986}, "LSNN2opt": {"path": [1, 29, 21, 13, 5, 4, 3, 2, 10, 11, 12, 20, 19, 18, 26, 27, 28, 36, 35, 34, 42, 43, 44, 45, 46, 47, 39, 31, 23, 15, 16, 17, 9, 8, 7, 6, 14, 22, 30, 38, 1], "score": 935, "duration": 78.9208096264819, "elap_time": 32.670395612716675}, "LSMI2opt": {"path": [1, 29, 20, 12, 11, 19, 27, 35, 43, 51, 50, 42, 34, 26, 18, 10, 2, 3, 4, 5, 6, 7, 8, 9, 17, 25, 33, 41, 49, 57, 65, 64, 63, 55, 56, 48, 40, 32, 31, 1], "score": 1140, "duration": 79.98530472872787, "elap_time": 40.13890242576599}, "TSLS": {"path": [1, 29, 28, 27, 26, 18, 19, 12, 11, 10, 2, 3, 4, 5, 6, 7, 8, 9, 17, 25, 33, 41, 49, 57, 65, 64, 63, 62, 61, 60, 59, 58, 50, 51, 43, 42, 34, 35, 36, 37, 1], "score": 1195, "duration": 79.74923675122808, "elap_time": 25.664140462875366}, "TSLSINT": {"path": [1, 29, 28, 27, 26, 18, 19, 12, 11, 10, 2, 3, 4, 5, 6, 7, 8, 9, 17, 25, 33, 41, 49, 57, 65, 64, 63, 62, 61, 60, 59, 58, 50, 51, 43, 42, 34, 35, 36, 37, 1], "score": 1195, "duration": 79.74923675122808, "elap_time": 20.40592932701111}, "Grasp": {"path": [1, 38, 39, 40, 41, 49, 57, 65, 64, 63, 62, 61, 60, 59, 58, 50, 42, 34, 26, 18, 11, 10, 2, 3, 4, 5, 6, 7, 8, 9, 17, 25, 33, 32, 24, 16, 15, 14, 22, 30, 1], "score": 1195, "duration": 79.74923675122808, "elap_time": 562.384694814682}}}