{"0": {"GreedyMaxGrad": {"path": [0, 29, 36, 22, 30, 37, 16, 11, 7, 4, 2, 0], "score": 282, "duration": 49.99967234379699, "elap_time": 0.0009245872497558594}, "GreedyNearNeigh": {"path": [0, 2, 4, 7, 11, 16, 22, 29, 37, 30, 23, 17, 12, 8, 5, 3, 6, 9, 13, 18, 24, 31, 38, 44, 50, 45, 39, 32, 25, 19, 14, 10, 0], "score": 672, "duration": 48.08326112068522, "elap_time": 0.002997875213623047}, "GreedyMaxIns": {"path": [0, 35, 28, 30, 37, 22, 29, 23, 36, 21, 15, 10, 6, 3, 0], "score": 384, "duration": 49.99746058531647, "elap_time": 0.08473348617553711}, "GreedyIndIns": {"path": [0, 10, 9, 8, 7, 6, 5, 4, 3, 2, 13, 25, 40, 52, 63, 57, 47, 33, 19, 0], "score": 240, "duration": 49.92751269480999, "elap_time": 0.17760968208312988}, "GreedyRand": {"path": [0, 36, 29, 37, 43, 35, 33, 19, 5, 0], "score": 240, "duration": 49.89019972152624, "elap_time": 0.004179239273071289}, "LSMGSwap": {"path": [0, 3, 6, 10, 15, 21, 27, 42, 49, 43, 36, 28, 35, 34, 26, 33, 32, 24, 31, 38, 39, 45, 44, 37, 29, 22, 30, 23, 16, 11, 7, 4, 2, 0], "score": 864, "duration": 49.59797974644664, "elap_time": 27.38960886001587}, "LSNNSwap": {"path": [0, 2, 4, 7, 11, 16, 22, 29, 37, 30, 23, 17, 24, 31, 38, 44, 50, 45, 39, 32, 33, 26, 34, 42, 27, 35, 43, 36, 28, 21, 15, 10, 6, 3, 0], "score": 882, "duration": 49.25483399593902, "elap_time": 40.1287887096405}, "LSMISwap": {"path": [0, 14, 20, 27, 35, 26, 25, 32, 31, 38, 30, 37, 29, 22, 16, 23, 24, 33, 34, 42, 49, 43, 36, 28, 21, 15, 10, 6, 3, 0], "score": 786, "duration": 49.90938964754441, "elap_time": 16.069927215576172}, "LSMG2opt": {"path": [0, 3, 6, 10, 15, 21, 27, 34, 35, 28, 36, 43, 49, 42, 41, 33, 32, 39, 45, 38, 44, 37, 29, 22, 30, 23, 31, 17, 16, 11, 7, 4, 2, 0], "score": 864, "duration": 49.59797974644665, "elap_time": 28.800288677215576}, "LSNN2opt": {"path": [0, 2, 4, 7, 11, 16, 22, 29, 37, 30, 23, 17, 12, 19, 14, 10, 15, 20, 26, 33, 25, 32, 39, 45, 50, 44, 38, 31, 24, 18, 13, 9, 6, 3, 0], "score": 750, "duration": 49.831325218480494, "elap_time": 35.0470666885376}, "LSMI2opt": {"path": [0, 2, 4, 7, 11, 17, 23, 16, 22, 29, 37, 44, 30, 38, 31, 24, 32, 25, 33, 26, 20, 27, 34, 42, 49, 43, 36, 28, 35, 21, 15, 10, 6, 3, 0], "score": 882, "duration": 49.25483399593902, "elap_time": 27.66558527946472}, "TSLS": {"path": [0, 2, 4, 7, 11, 16, 22, 29, 37, 30, 23, 17, 24, 31, 38, 44, 50, 45, 39, 32, 33, 26, 34, 42, 27, 35, 43, 36, 28, 21, 15, 10, 6, 3, 0], "score": 882, "duration": 49.25483399593902, "elap_time": 23.05317783355713}, "TSLSINT": {"path": [0, 2, 4, 7, 11, 16, 22, 29, 37, 30, 23, 17, 24, 31, 38, 44, 50, 45, 39, 32, 33, 26, 34, 42, 27, 35, 43, 36, 28, 21, 15, 10, 6, 3, 0], "score": 882, "duration": 49.25483399593902, "elap_time": 23.519020318984985}, "Grasp": {"path": [0, 3, 6, 10, 15, 21, 28, 36, 43, 49, 42, 35, 27, 34, 26, 33, 32, 39, 45, 44, 37, 29, 22, 16, 23, 30, 38, 31, 24, 17, 11, 7, 4, 2, 0], "score": 888, "duration": 49.254833995939016, "elap_time": 285.03206062316895}}, "1": {"GreedyMaxGrad": {"path": [1, 29, 36, 22, 30, 37, 38, 45, 51, 56, 60, 1], "score": 282, "duration": 49.42318112125552, "elap_time": 0.0007119178771972656}, "GreedyNearNeigh": {"path": [1, 62, 59, 55, 50, 44, 37, 29, 22, 16, 11, 7, 4, 2, 5, 3, 6, 9, 13, 8, 12, 17, 23, 30, 38, 31, 24, 18, 25, 32, 39, 45, 51, 56, 1], "score": 684, "duration": 49.8313252184805, "elap_time": 0.0027337074279785156}, "GreedyMaxIns": {"path": [1, 35, 28, 30, 37, 22, 29, 23, 36, 43, 49, 54, 58, 61, 63, 1], "score": 420, "duration": 49.99746058531646, "elap_time": 0.10883641242980957}, "GreedyIndIns": {"path": [1, 60, 52, 40, 25, 13, 10, 9, 8, 12, 11, 7, 6, 5, 4, 3, 2, 18, 32, 63, 1], "score": 258, "duration": 49.99077084138558, "elap_time": 0.24474263191223145}, "GreedyRand": {"path": [1, 36, 16, 30, 28, 20, 49, 58, 61, 63, 1], "score": 234, "duration": 49.81586244142879, "elap_time": 0.007921934127807617}, "LSMGSwap": {"path": [1, 63, 61, 58, 54, 49, 42, 34, 27, 35, 43, 36, 28, 21, 15, 20, 26, 33, 25, 32, 24, 31, 23, 16, 22, 29, 30, 37, 44, 38, 45, 51, 56, 60, 1], "score": 882, "duration": 49.25483399593903, "elap_time": 30.315011024475098}, "LSNNSwap": {"path": [1, 62, 59, 55, 50, 44, 37, 29, 22, 16, 11, 7, 4, 2, 5, 3, 6, 9, 13, 8, 12, 17, 23, 30, 38, 31, 24, 18, 25, 32, 39, 45, 51, 56, 1], "score": 684, "duration": 49.8313252184805, "elap_time": 21.740877628326416}, "LSMISwap": {"path": [1, 48, 42, 36, 28, 21, 27, 26, 32, 31, 30, 37, 29, 22, 16, 23, 24, 33, 34, 35, 43, 49, 54, 58, 61, 63, 1], "score": 720, "duration": 49.94520187331994, "elap_time": 12.120353937149048}, "LSMG2opt": {"path": [1, 63, 61, 58, 54, 49, 43, 36, 28, 35, 21, 27, 34, 42, 41, 33, 32, 24, 31, 23, 17, 11, 16, 22, 29, 30, 37, 44, 38, 45, 51, 56, 60, 1], "score": 864, "duration": 49.59797974644665, "elap_time": 34.40237617492676}, "LSNN2opt": {"path": [1, 62, 59, 55, 50, 44, 37, 29, 22, 16, 11, 7, 4, 2, 5, 3, 6, 9, 13, 8, 12, 17, 23, 30, 38, 31, 24, 18, 25, 32, 39, 45, 51, 56, 1], "score": 684, "duration": 49.8313252184805, "elap_time": 21.294185638427734}, "LSMI2opt": {"path": [1, 62, 59, 55, 50, 44, 37, 29, 22, 30, 23, 16, 11, 17, 24, 31, 38, 39, 32, 33, 34, 42, 27, 21, 28, 35, 36, 43, 49, 54, 58, 61, 63, 1], "score": 864, "duration": 49.59797974644664, "elap_time": 30.26168441772461}, "TSLS": {"path": [1, 63, 61, 58, 54, 49, 42, 34, 27, 35, 43, 36, 28, 21, 15, 20, 26, 33, 25, 32, 24, 31, 23, 16, 22, 29, 30, 37, 44, 38, 45, 51, 56, 60, 1], "score": 882, "duration": 49.25483399593903, "elap_time": 18.626893043518066}, "TSLSINT": {"path": [1, 63, 61, 58, 54, 49, 42, 34, 27, 35, 43, 36, 28, 21, 15, 20, 26, 33, 25, 32, 24, 31, 23, 16, 22, 29, 30, 37, 44, 38, 45, 51, 56, 60, 1], "score": 882, "duration": 49.25483399593903, "elap_time": 18.538373231887817}, "Grasp": {"path": [1, 62, 59, 55, 50, 44, 37, 29, 22, 30, 38, 31, 23, 16, 11, 17, 24, 32, 33, 26, 34, 27, 15, 21, 28, 36, 43, 35, 42, 49, 54, 58, 61, 63, 1], "score": 888, "duration": 49.25483399593902, "elap_time": 264.1329526901245}}}