{"0": {"GreedyMaxGrad": {"path": [0, 29, 36, 22, 28, 30, 35, 21, 15, 10, 6, 3, 0], "score": 318, "duration": 79.0543285760697, "elap_time": 0.0007882118225097656}, "GreedyNearNeigh": {"path": [0, 2, 4, 7, 11, 16, 22, 29, 37, 30, 23, 17, 12, 8, 5, 3, 6, 9, 13, 18, 24, 31, 38, 44, 50, 45, 39, 32, 25, 19, 14, 10, 15, 20, 26, 33, 40, 46, 51, 55, 59, 56, 52, 47, 41, 34, 27, 21, 28, 35, 42, 0], "score": 1110, "duration": 79.65495002865386, "elap_time": 0.0037755966186523438}, "GreedyMaxIns": {"path": [0, 17, 23, 37, 38, 34, 35, 33, 32, 31, 30, 26, 27, 28, 25, 24, 22, 29, 41, 42, 43, 36, 21, 15, 10, 6, 3, 0], "score": 732, "duration": 79.9990354051908, "elap_time": 0.47447896003723145}, "GreedyIndIns": {"path": [0, 18, 17, 23, 16, 19, 20, 15, 14, 13, 12, 11, 10, 9, 8, 7, 6, 5, 4, 3, 2, 25, 40, 63, 57, 47, 33, 0], "score": 438, "duration": 79.94313202538976, "elap_time": 0.5180943012237549}, "GreedyRand": {"path": [0, 22, 21, 29, 37, 34, 35, 27, 30, 16, 23, 42, 36, 9, 0], "score": 420, "duration": 79.83144753791645, "elap_time": 0.010196685791015625}, "LSMGSwap": {"path": [0, 2, 4, 7, 16, 22, 29, 37, 44, 50, 45, 38, 30, 31, 39, 46, 40, 32, 25, 48, 54, 49, 43, 36, 28, 24, 17, 23, 11, 12, 18, 19, 14, 20, 27, 34, 26, 33, 41, 42, 35, 21, 15, 10, 6, 3, 0], "score": 1134, "duration": 79.39696961966995, "elap_time": 65.27033352851868}, "LSNNSwap": {"path": [0, 2, 4, 7, 11, 16, 22, 29, 37, 30, 23, 17, 12, 18, 24, 31, 38, 44, 50, 45, 39, 32, 25, 19, 14, 10, 15, 20, 26, 33, 40, 46, 51, 55, 59, 56, 52, 53, 47, 41, 48, 54, 49, 42, 34, 27, 21, 28, 36, 43, 35, 6, 3, 0], "score": 1242, "duration": 79.95584357587309, "elap_time": 53.88318490982056}, "LSMISwap": {"path": [0, 2, 4, 7, 11, 16, 22, 29, 37, 44, 50, 45, 40, 41, 34, 35, 33, 32, 31, 17, 18, 19, 26, 27, 21, 20, 25, 24, 23, 30, 38, 39, 46, 47, 48, 54, 42, 49, 43, 36, 28, 15, 10, 6, 3, 0], "score": 1116, "duration": 79.92253506678338, "elap_time": 55.230969190597534}, "LSMG2opt": {"path": [0, 2, 4, 8, 12, 7, 11, 16, 22, 29, 37, 30, 23, 17, 24, 18, 25, 47, 40, 46, 39, 45, 50, 44, 38, 31, 32, 33, 34, 20, 14, 19, 26, 27, 28, 49, 36, 43, 42, 54, 48, 41, 35, 21, 15, 10, 6, 3, 0], "score": 1164, "duration": 79.81273478830963, "elap_time": 118.2212917804718}, "LSNN2opt": {"path": [0, 2, 4, 7, 11, 16, 22, 29, 37, 30, 23, 17, 12, 8, 5, 21, 28, 36, 43, 35, 42, 27, 34, 41, 47, 52, 56, 59, 55, 51, 46, 40, 33, 26, 20, 15, 10, 14, 19, 25, 32, 39, 45, 50, 44, 38, 31, 24, 18, 13, 9, 6, 3, 0], "score": 1188, "duration": 79.95584357587308, "elap_time": 40.5244779586792}, "LSMI2opt": {"path": [0, 2, 5, 9, 14, 20, 27, 35, 42, 34, 26, 19, 25, 18, 24, 31, 32, 33, 40, 39, 45, 38, 30, 23, 17, 12, 7, 11, 16, 22, 29, 37, 44, 50, 55, 51, 46, 52, 57, 61, 58, 53, 47, 41, 48, 54, 49, 43, 36, 28, 21, 15, 10, 6, 3, 0], "score": 1266, "duration": 79.53910524340087, "elap_time": 87.12457227706909}, "TSLS": {"path": [0, 2, 5, 9, 14, 20, 27, 35, 42, 34, 26, 19, 25, 18, 24, 31, 32, 33, 40, 39, 45, 38, 30, 23, 17, 12, 7, 11, 16, 22, 29, 37, 44, 50, 55, 51, 46, 52, 57, 61, 58, 53, 47, 41, 48, 54, 49, 43, 36, 28, 21, 15, 10, 6, 3, 0], "score": 1266, "duration": 79.53910524340087, "elap_time": 36.653632164001465}, "TSLSINT": {"path": [0, 2, 5, 9, 14, 20, 27, 35, 42, 34, 26, 19, 25, 18, 24, 31, 32, 33, 40, 39, 45, 38, 30, 23, 17, 12, 7, 11, 16, 22, 29, 37, 44, 50, 55, 51, 46, 52, 57, 61, 58, 53, 47, 41, 48, 54, 49, 43, 36, 28, 21, 15, 10, 6, 3, 0], "score": 1266, "duration": 79.53910524340087, "elap_time": 33.81753849983215}, "Grasp": {"path": [0, 3, 9, 6, 10, 14, 19, 13, 18, 25, 33, 26, 20, 15, 21, 27, 34, 42, 35, 28, 36, 43, 49, 54, 58, 53, 48, 41, 47, 52, 40, 32, 39, 46, 51, 55, 50, 44, 37, 29, 22, 16, 23, 30, 38, 45, 31, 24, 17, 11, 7, 12, 8, 4, 2, 0], "score": 1272, "duration": 79.53910524340087, "elap_time": 2047.633353471756}}, "1": {"GreedyMaxGrad": {"path": [1, 29, 36, 22, 28, 30, 35, 43, 49, 54, 58, 61, 63, 1], "score": 354, "duration": 79.88275570081588, "elap_time": 0.0009028911590576172}, "GreedyNearNeigh": {"path": [1, 62, 59, 55, 50, 44, 37, 29, 22, 16, 11, 7, 4, 2, 5, 3, 6, 9, 13, 8, 12, 17, 23, 30, 38, 31, 24, 18, 25, 19, 14, 10, 15, 20, 26, 33, 40, 32, 39, 45, 51, 46, 52, 47, 41, 34, 27, 21, 28, 35, 42, 48, 53, 57, 60, 63, 1], "score": 1170, "duration": 79.19595949289325, "elap_time": 0.00413966178894043}, "GreedyMaxIns": {"path": [1, 62, 59, 55, 50, 44, 37, 38, 33, 34, 35, 32, 31, 30, 40, 41, 42, 43, 28, 27, 26, 25, 24, 23, 22, 29, 36, 49, 54, 58, 61, 63, 1], "score": 816, "duration": 79.99702890040888, "elap_time": 0.7245140075683594}, "GreedyIndIns": {"path": [1, 53, 27, 21, 20, 19, 18, 24, 17, 23, 16, 15, 14, 13, 12, 11, 10, 9, 8, 7, 6, 5, 4, 3, 2, 25, 63, 1], "score": 468, "duration": 79.98739073346005, "elap_time": 0.5515916347503662}, "GreedyRand": {"path": [1, 22, 43, 21, 29, 28, 35, 34, 37, 16, 24, 18, 46, 56, 1], "score": 384, "duration": 79.9023778351553, "elap_time": 0.010050296783447266}, "LSMGSwap": {"path": [1, 62, 59, 55, 50, 44, 37, 29, 22, 16, 11, 17, 23, 31, 24, 40, 47, 53, 48, 42, 35, 27, 34, 41, 33, 26, 20, 15, 10, 19, 25, 32, 39, 45, 38, 30, 7, 12, 18, 13, 9, 14, 21, 28, 36, 43, 49, 54, 58, 61, 63, 1], "score": 1212, "duration": 79.75930529619575, "elap_time": 66.4045798778534}, "LSNNSwap": {"path": [1, 62, 59, 55, 50, 44, 37, 29, 22, 16, 11, 7, 4, 2, 5, 3, 6, 9, 13, 8, 12, 17, 23, 30, 38, 31, 24, 18, 25, 19, 14, 10, 15, 20, 26, 33, 40, 32, 39, 45, 51, 46, 52, 47, 41, 34, 27, 35, 28, 36, 43, 49, 54, 58, 61, 63, 1], "score": 1212, "duration": 79.19595949289325, "elap_time": 47.3026225566864}, "LSMISwap": {"path": [1, 62, 59, 55, 50, 44, 37, 30, 31, 33, 34, 41, 40, 39, 38, 45, 46, 47, 53, 49, 42, 35, 43, 36, 28, 21, 27, 20, 26, 25, 18, 24, 17, 11, 23, 16, 22, 29, 32, 48, 54, 58, 61, 63, 1], "score": 1092, "duration": 79.47503404873383, "elap_time": 53.192505836486816}, "LSMG2opt": {"path": [1, 56, 59, 55, 51, 46, 45, 50, 44, 37, 29, 22, 30, 38, 31, 23, 16, 11, 7, 17, 12, 18, 13, 19, 14, 10, 20, 15, 21, 27, 34, 26, 25, 24, 39, 32, 40, 33, 47, 53, 41, 48, 42, 35, 28, 36, 43, 49, 54, 58, 61, 63, 1], "score": 1242, "duration": 79.97346084221141, "elap_time": 112.03692317008972}, "LSNN2opt": {"path": [1, 62, 59, 55, 50, 44, 37, 29, 22, 16, 11, 7, 4, 2, 5, 3, 6, 9, 13, 8, 12, 17, 23, 30, 38, 31, 24, 18, 25, 19, 14, 10, 15, 20, 26, 33, 40, 32, 39, 45, 51, 46, 52, 47, 41, 34, 27, 35, 28, 36, 43, 49, 54, 58, 61, 63, 1], "score": 1212, "duration": 79.19595949289325, "elap_time": 47.22175431251526}, "LSMI2opt": {"path": [1, 62, 59, 55, 50, 44, 37, 29, 22, 30, 38, 45, 51, 46, 39, 32, 24, 31, 23, 16, 11, 17, 7, 12, 18, 25, 19, 14, 10, 20, 15, 21, 27, 26, 35, 34, 33, 40, 47, 53, 41, 48, 42, 43, 28, 36, 49, 54, 58, 61, 63, 1], "score": 1224, "duration": 79.97346084221142, "elap_time": 89.92884802818298}, "TSLS": {"path": [1, 56, 59, 55, 51, 46, 45, 50, 44, 37, 29, 22, 30, 38, 31, 23, 16, 11, 7, 17, 12, 18, 13, 19, 14, 10, 20, 15, 21, 27, 34, 26, 25, 24, 39, 32, 40, 33, 47, 53, 41, 48, 42, 35, 28, 36, 43, 49, 54, 58, 61, 63, 1], "score": 1242, "duration": 79.97346084221141, "elap_time": 52.50991177558899}, "TSLSINT": {"path": [1, 56, 59, 55, 51, 46, 45, 50, 44, 37, 29, 22, 30, 38, 31, 23, 16, 11, 7, 17, 12, 18, 13, 19, 14, 10, 20, 15, 21, 27, 34, 26, 25, 24, 39, 32, 40, 33, 47, 53, 41, 48, 42, 35, 28, 36, 43, 49, 54, 58, 61, 63, 1], "score": 1242, "duration": 79.97346084221141, "elap_time": 52.48267889022827}, "Grasp": {"path": [1, 63, 61, 58, 53, 48, 54, 49, 42, 34, 27, 35, 43, 36, 28, 21, 15, 10, 14, 20, 26, 33, 41, 47, 52, 56, 51, 46, 40, 25, 19, 13, 18, 12, 4, 7, 11, 16, 22, 29, 37, 30, 38, 31, 23, 17, 24, 32, 39, 45, 44, 50, 55, 59, 62, 1], "score": 1272, "duration": 79.53910524340088, "elap_time": 2045.1728870868683}}}