{"0": {"GreedyMaxGrad": {"path": [0, 2, 3, 4, 5, 6, 7, 8, 9, 10, 17, 18, 25, 26, 33, 34, 27, 28, 0], "score": 565, "duration": 129.9908374720905, "elap_time": 0.0012292861938476562}, "GreedyNearNeigh": {"path": [0, 29, 21, 13, 5, 4, 3, 2, 10, 11, 12, 20, 19, 18, 26, 27, 28, 36, 35, 34, 42, 43, 44, 45, 37, 38, 30, 22, 14, 6, 7, 8, 9, 17, 16, 15, 23, 24, 25, 33, 32, 31, 39, 40, 41, 49, 48, 47, 46, 54, 53, 52, 51, 50, 58, 59, 60, 61, 62, 63, 55, 56, 0], "score": 1575, "duration": 128.55106836240913, "elap_time": 0.004412174224853516}, "GreedyMaxIns": {"path": [0, 34, 26, 41, 33, 25, 24, 23, 22, 21, 20, 19, 18, 13, 14, 15, 16, 17, 12, 11, 10, 9, 8, 7, 6, 5, 4, 3, 2, 30, 49, 57, 65, 64, 38, 0], "score": 970, "duration": 129.99271783902478, "elap_time": 1.0306308269500732}, "GreedyIndIns": {"path": [0, 31, 30, 29, 28, 27, 26, 32, 33, 25, 24, 23, 22, 21, 20, 19, 18, 17, 16, 15, 14, 13, 12, 11, 10, 9, 8, 7, 6, 5, 4, 3, 2, 37, 46, 55, 65, 56, 47, 38, 0], "score": 965, "duration": 129.7426997290735, "elap_time": 1.5561258792877197}, "GreedyRand": {"path": [0, 10, 7, 2, 26, 4, 18, 25, 34, 41, 17, 3, 12, 8, 22, 1, 0], "score": 460, "duration": 129.48494672542418, "elap_time": 0.013389825820922852}, "LSMGSwap": {"path": [0, 21, 19, 18, 10, 2, 11, 3, 4, 5, 6, 7, 8, 9, 17, 16, 15, 14, 13, 12, 20, 28, 36, 51, 59, 58, 50, 42, 43, 52, 60, 53, 54, 55, 56, 61, 62, 63, 64, 65, 57, 49, 41, 33, 25, 24, 32, 40, 48, 47, 46, 45, 44, 35, 34, 26, 27, 29, 0], "score": 1605, "duration": 129.92101616663822, "elap_time": 84.58599305152893}, "LSNNSwap": {"path": [0, 29, 21, 13, 5, 4, 3, 2, 10, 11, 12, 20, 19, 18, 26, 27, 28, 36, 35, 34, 42, 43, 44, 45, 37, 38, 30, 22, 14, 6, 7, 8, 9, 17, 16, 15, 23, 24, 25, 33, 32, 31, 39, 40, 41, 49, 48, 47, 46, 54, 53, 52, 51, 50, 58, 59, 60, 61, 62, 63, 64, 56, 55, 0], "score": 1610, "duration": 129.38301603182072, "elap_time": 18.19737434387207}, "LSMISwap": {"path": [0, 29, 28, 27, 35, 43, 51, 52, 61, 60, 59, 58, 50, 42, 34, 26, 19, 31, 32, 33, 25, 24, 23, 22, 21, 20, 11, 18, 10, 2, 3, 13, 14, 15, 16, 17, 9, 8, 7, 6, 5, 4, 12, 30, 40, 48, 41, 49, 57, 65, 64, 63, 62, 54, 46, 38, 0], "score": 1525, "duration": 129.9102826609397, "elap_time": 61.922144651412964}, "LSMG2opt": {"path": [0, 30, 22, 21, 20, 28, 36, 27, 26, 35, 34, 42, 50, 58, 59, 60, 51, 43, 44, 52, 53, 61, 62, 54, 46, 38, 39, 47, 48, 57, 65, 64, 63, 55, 56, 49, 41, 40, 33, 25, 17, 9, 8, 7, 6, 5, 4, 3, 2, 10, 18, 19, 11, 12, 13, 14, 15, 16, 24, 23, 32, 31, 0], "score": 1655, "duration": 129.95840512712232, "elap_time": 127.20078778266907}, "LSNN2opt": {"path": [0, 29, 21, 13, 5, 4, 3, 2, 10, 11, 12, 20, 19, 18, 26, 27, 28, 36, 35, 34, 42, 43, 44, 45, 37, 38, 46, 54, 53, 52, 51, 50, 58, 59, 60, 61, 62, 63, 64, 65, 57, 56, 55, 47, 48, 49, 41, 40, 39, 31, 32, 33, 25, 24, 23, 15, 16, 17, 9, 8, 7, 6, 14, 22, 30, 0], "score": 1680, "duration": 128.23606797749977, "elap_time": 10.19858717918396}, "LSMI2opt": {"path": [0, 29, 28, 36, 44, 35, 43, 51, 59, 58, 50, 42, 34, 26, 27, 18, 19, 20, 21, 13, 12, 11, 10, 2, 3, 4, 5, 6, 7, 8, 9, 17, 25, 33, 41, 32, 24, 23, 16, 15, 14, 22, 30, 31, 39, 40, 48, 49, 57, 65, 64, 56, 55, 54, 63, 62, 61, 60, 52, 53, 45, 46, 38, 0], "score": 1660, "duration": 129.06294525021283, "elap_time": 95.59142088890076}, "TSLS": {"path": [0, 29, 21, 13, 5, 4, 3, 2, 10, 11, 12, 20, 19, 18, 26, 27, 28, 36, 35, 34, 42, 43, 44, 45, 37, 38, 46, 54, 53, 52, 51, 50, 58, 59, 60, 61, 62, 63, 64, 65, 57, 56, 55, 47, 48, 49, 41, 40, 39, 31, 32, 33, 25, 24, 23, 15, 16, 17, 9, 8, 7, 6, 14, 22, 30, 0], "score": 1680, "duration": 128.23606797749977, "elap_time": 27.00190567970276}, "TSLSINT": {"path": [0, 29, 21, 13, 5, 4, 3, 2, 10, 11, 12, 20, 19, 18, 26, 27, 28, 36, 35, 34, 42, 43, 44, 45, 37, 38, 46, 54, 53, 52, 51, 50, 58, 59, 60, 61, 62, 63, 64, 65, 57, 56, 55, 47, 48, 49, 41, 40, 39, 31, 32, 33, 25, 24, 23, 15, 16, 17, 9, 8, 7, 6, 14, 22, 30, 0], "score": 1680, "duration": 128.23606797749977, "elap_time": 24.450095891952515}, "Grasp": {"path": [0, 29, 28, 36, 37, 38, 46, 45, 53, 54, 62, 61, 60, 59, 58, 50, 51, 52, 44, 43, 42, 34, 35, 27, 26, 18, 19, 20, 11, 10, 2, 3, 4, 5, 13, 12, 21, 22, 14, 6, 7, 8, 9, 17, 16, 15, 23, 24, 25, 33, 41, 49, 57, 65, 64, 63, 55, 56, 48, 47, 39, 40, 32, 31, 30, 0], "score": 1680, "duration": 129.89292222699217, "elap_time": 2838.717987537384}}, "1": {"GreedyMaxGrad": {"path": [1, 2, 3, 4, 5, 6, 7, 8, 9, 10, 17, 18, 25, 26, 33, 34, 35, 36, 37, 1], "score": 570, "duration": 129.94571874801528, "elap_time": 0.0012640953063964844}, "GreedyNearNeigh": {"path": [1, 37, 29, 21, 13, 5, 4, 3, 2, 10, 11, 12, 20, 19, 18, 26, 27, 28, 36, 35, 34, 42, 43, 44, 45, 46, 38, 30, 22, 14, 6, 7, 8, 9, 17, 16, 15, 23, 24, 25, 33, 32, 31, 39, 40, 41, 49, 48, 47, 55, 54, 53, 52, 51, 50, 58, 59, 60, 61, 62, 63, 64, 56, 1], "score": 1610, "duration": 129.84484601228675, "elap_time": 0.0042955875396728516}, "GreedyMaxIns": {"path": [1, 42, 34, 26, 27, 41, 33, 25, 24, 23, 22, 21, 20, 19, 18, 14, 15, 16, 17, 13, 12, 11, 10, 9, 8, 7, 6, 5, 4, 3, 2, 48, 57, 65, 56, 47, 1], "score": 1015, "duration": 129.99781187322716, "elap_time": 1.078679084777832}, "GreedyIndIns": {"path": [1, 31, 30, 29, 28, 27, 26, 36, 37, 38, 32, 33, 25, 24, 23, 22, 21, 20, 19, 18, 17, 16, 15, 14, 13, 12, 11, 10, 9, 8, 7, 6, 5, 4, 3, 2, 47, 56, 65, 1], "score": 940, "duration": 129.93412158420546, "elap_time": 1.4525880813598633}, "GreedyRand": {"path": [1, 10, 4, 6, 25, 7, 3, 9, 26, 17, 41, 42, 34, 18, 5, 15, 22, 23, 37, 1], "score": 550, "duration": 129.46279514573817, "elap_time": 0.015862226486206055}, "LSMGSwap": {"path": [1, 44, 43, 51, 52, 53, 54, 63, 64, 65, 57, 48, 40, 25, 17, 16, 15, 14, 13, 12, 4, 5, 6, 7, 8, 9, 3, 2, 10, 11, 19, 18, 26, 42, 50, 58, 59, 60, 61, 62, 55, 56, 49, 41, 33, 32, 31, 30, 29, 28, 27, 34, 35, 36, 37, 1], "score": 1530, "duration": 129.63743040543372, "elap_time": 76.55537939071655}, "LSNNSwap": {"path": [1, 37, 29, 21, 13, 5, 4, 3, 2, 10, 11, 12, 20, 19, 18, 26, 27, 28, 36, 35, 34, 42, 43, 44, 45, 46, 38, 30, 22, 14, 6, 7, 8, 9, 17, 16, 15, 23, 24, 25, 33, 32, 31, 39, 40, 41, 49, 48, 47, 55, 54, 53, 52, 51, 50, 58, 59, 60, 61, 62, 63, 64, 56, 1], "score": 1610, "duration": 129.84484601228675, "elap_time": 19.463558435440063}, "LSMISwap": {"path": [1, 45, 54, 55, 63, 62, 61, 60, 59, 58, 50, 42, 43, 35, 34, 26, 27, 28, 29, 30, 31, 32, 40, 41, 33, 25, 24, 23, 22, 21, 20, 19, 18, 10, 11, 12, 13, 14, 15, 16, 17, 9, 8, 7, 6, 5, 4, 3, 2, 39, 48, 49, 57, 65, 64, 56, 47, 38, 1], "score": 1555, "duration": 129.93057336616758, "elap_time": 49.346731662750244}, "LSMG2opt": {"path": [1, 31, 39, 40, 48, 56, 55, 54, 46, 45, 53, 52, 44, 43, 42, 50, 51, 58, 59, 60, 61, 62, 63, 64, 65, 57, 49, 41, 33, 25, 17, 32, 24, 16, 9, 8, 7, 15, 23, 22, 14, 21, 13, 6, 5, 4, 12, 20, 28, 19, 11, 3, 2, 10, 18, 26, 27, 34, 35, 36, 37, 1], "score": 1650, "duration": 129.91483465847628, "elap_time": 143.50217127799988}, "LSNN2opt": {"path": [1, 37, 29, 21, 13, 5, 4, 3, 2, 10, 11, 12, 20, 19, 18, 26, 27, 28, 36, 35, 34, 42, 43, 44, 45, 46, 54, 53, 52, 51, 50, 58, 59, 60, 61, 62, 63, 64, 65, 57, 56, 55, 47, 48, 49, 41, 40, 39, 31, 32, 33, 25, 24, 23, 15, 16, 17, 9, 8, 7, 6, 14, 22, 30, 38, 1], "score": 1680, "duration": 128.23606797749977, "elap_time": 9.440443515777588}, "LSMI2opt": {"path": [1, 37, 29, 28, 36, 35, 34, 26, 27, 18, 19, 20, 13, 12, 11, 10, 2, 3, 4, 5, 6, 7, 8, 9, 17, 16, 15, 14, 21, 22, 23, 24, 25, 33, 41, 49, 57, 65, 64, 56, 48, 40, 32, 31, 39, 47, 55, 63, 62, 61, 60, 59, 58, 50, 51, 42, 43, 44, 45, 52, 53, 54, 46, 1], "score": 1670, "duration": 129.9527520160481, "elap_time": 128.47129106521606}, "TSLS": {"path": [1, 37, 29, 21, 13, 5, 4, 3, 2, 10, 11, 12, 20, 19, 18, 26, 27, 28, 36, 35, 34, 42, 43, 44, 45, 46, 54, 53, 52, 51, 50, 58, 59, 60, 61, 62, 63, 64, 65, 57, 56, 55, 47, 48, 49, 41, 40, 39, 31, 32, 33, 25, 24, 23, 15, 16, 17, 9, 8, 7, 6, 14, 22, 30, 38, 1], "score": 1680, "duration": 128.23606797749977, "elap_time": 18.64915132522583},