{"0": {"GreedyMaxGrad": {"path": [0, 20, 21, 22, 14, 3, 4, 23, 24, 0], "score": 240, "duration": 49.91245051235388, "elap_time": 0.00026798248291015625}, "GreedyNearNeigh": {"path": [0, 24, 23, 27, 14, 28, 4, 3, 6, 2, 8, 31, 12, 29, 26, 32, 30, 11, 0], "score": 310, "duration": 48.25443833548508, "elap_time": 0.0007190704345703125}, "GreedyMaxIns": {"path": [0, 23, 4, 14, 3, 13, 17, 16, 15, 21, 20, 28, 5, 22, 24, 0], "score": 420, "duration": 49.727727698060015, "elap_time": 0.042023420333862305}, "GreedyIndIns": {"path": [0, 24, 7, 14, 13, 8, 6, 5, 4, 3, 2, 32, 0], "score": 220, "duration": 49.99751156611407, "elap_time": 0.02704596519470215}, "GreedyRand": {"path": [0, 20, 11, 18, 23, 1, 24, 0], "score": 140, "duration": 49.73568833964393, "elap_time": 0.0012247562408447266}, "LSMGSwap": {"path": [0, 32, 8, 2, 6, 13, 15, 16, 21, 17, 20, 3, 4, 14, 5, 7, 22, 24, 0], "score": 490, "duration": 49.542860072347395, "elap_time": 1.6022312641143799}, "LSNNSwap": {"path": [0, 22, 24, 23, 27, 14, 28, 4, 17, 20, 13, 3, 6, 2, 8, 31, 12, 29, 30, 26, 32, 0], "score": 450, "duration": 49.62193596270298, "elap_time": 2.66693115234375}, "LSMISwap": {"path": [0, 23, 27, 14, 4, 3, 2, 6, 13, 15, 16, 21, 17, 20, 28, 5, 7, 22, 24, 0], "score": 490, "duration": 49.37854023323936, "elap_time": 1.6848251819610596}, "LSMG2opt": {"path": [0, 27, 23, 28, 14, 4, 3, 6, 13, 15, 21, 16, 17, 20, 5, 7, 22, 24, 0], "score": 470, "duration": 49.69192898689275, "elap_time": 2.036407709121704}, "LSNN2opt": {"path": [0, 22, 24, 23, 27, 14, 28, 4, 20, 17, 16, 15, 13, 3, 6, 2, 8, 31, 29, 26, 32, 0], "score": 480, "duration": 49.97555048335971, "elap_time": 2.757392406463623}, "LSMI2opt": {"path": [0, 23, 27, 14, 4, 3, 2, 6, 13, 15, 21, 16, 17, 20, 28, 5, 7, 22, 24, 0], "score": 490, "duration": 49.946150539013175, "elap_time": 1.6046810150146484}, "TSLS": {"path": [0, 32, 8, 2, 6, 13, 15, 16, 21, 17, 20, 3, 4, 14, 5, 7, 22, 24, 0], "score": 490, "duration": 49.542860072347395, "elap_time": 1.0319311618804932}, "TSLSINT": {"path": [0, 32, 8, 2, 6, 13, 15, 16, 21, 17, 20, 3, 4, 14, 5, 7, 22, 24, 0], "score": 490, "duration": 49.542860072347395, "elap_time": 1.9497630596160889}, "Grasp": {"path": [0, 24, 22, 7, 5, 28, 14, 4, 20, 17, 16, 15, 13, 3, 6, 2, 8, 31, 12, 29, 26, 1, 0], "score": 520, "duration": 49.88423276917433, "elap_time": 11.86718463897705}}, "1": {"GreedyMaxGrad": {"path": [1, 20, 21, 22, 14, 3, 4, 23, 1], "score": 230, "duration": 48.868613287885154, "elap_time": 0.0002739429473876953}, "GreedyNearNeigh": {"path": [1, 23, 27, 24, 22, 7, 5, 28, 14, 4, 3, 6, 2, 8, 31, 12, 29, 26, 32, 30, 25, 1], "score": 380, "duration": 49.183569008724284, "elap_time": 0.0007903575897216797}, "GreedyMaxIns": {"path": [1, 23, 4, 14, 3, 13, 17, 16, 15, 21, 20, 27, 22, 24, 1], "score": 400, "duration": 49.74765983914167, "elap_time": 0.036685943603515625}, "GreedyIndIns": {"path": [1, 8, 23, 7, 14, 6, 5, 4, 3, 2, 32, 1], "score": 190, "duration": 49.962708720286926, "elap_time": 0.0225677490234375}, "GreedyRand": {"path": [1, 17, 10, 3, 23, 1], "score": 100, "duration": 49.06423948136369, "elap_time": 0.0008208751678466797}, "LSMGSwap": {"path": [1, 24, 22, 7, 5, 14, 6, 15, 16, 21, 17, 20, 13, 3, 4, 27, 23, 1], "score": 460, "duration": 49.56575445850126, "elap_time": 1.4050250053405762}, "LSNNSwap": {"path": [1, 23, 27, 24, 22, 7, 5, 28, 14, 4, 17, 20, 13, 6, 2, 8, 31, 12, 29, 30, 26, 32, 1], "score": 470, "duration": 49.829829412538714, "elap_time": 2.5734806060791016}, "LSMISwap": {"path": [1, 23, 14, 28, 4, 3, 13, 17, 16, 15, 21, 20, 27, 22, 24, 1], "score": 410, "duration": 49.83385136998384, "elap_time": 1.3160638809204102}, "LSMG2opt": {"path": [1, 24, 22, 7, 5, 14, 28, 20, 17, 21, 16, 15, 13, 6, 2, 3, 4, 23, 1], "score": 480, "duration": 49.85647614207475, "elap_time": 1.6022589206695557}, "LSNN2opt": {"path": [1, 23, 27, 24, 22, 7, 5, 28, 14, 4, 17, 20, 13, 6, 2, 8, 31, 12, 29, 30, 26, 32, 1], "score": 470, "duration": 49.829829412538714, "elap_time": 2.433967351913452}, "LSMI2opt": {"path": [1, 23, 14, 28, 4, 3, 13, 17, 16, 15, 21, 20, 27, 22, 24, 1], "score": 410, "duration": 49.83385136998384, "elap_time": 1.4923985004425049}, "TSLS": {"path": [1, 24, 22, 7, 5, 14, 28, 20, 17, 21, 16, 15, 13, 6, 2, 3, 4, 23, 1], "score": 480, "duration": 49.85647614207475, "elap_time": 2.2345175743103027}, "TSLSINT": {"path": [1, 24, 22, 7, 5, 14, 28, 20, 17, 21, 16, 15, 13, 6, 2, 3, 4, 23, 1], "score": 480, "duration": 49.85647614207475, "elap_time": 1.5620355606079102}, "Grasp": {"path": [1, 24, 22, 7, 5, 28, 14, 4, 3, 20, 17, 16, 15, 13, 6, 2, 8, 31, 12, 29, 26, 1], "score": 520, "duration": 49.91181429214576, "elap_time": 11.020137548446655}}}