{
    "0": {
        "GreedyMaxGrad": {
            "path": [
                0,
                15,
                16,
                24,
                25,
                26,
                27,
                28,
                0
            ],
            "score": 95,
            "duration": 48.7031508515013,
            "elap_time": 0.0002346038818359375
        },
        "GreedyNearNeigh": {
            "path": [
                0,
                28,
                18,
                6,
                7,
                3,
                2,
                8,
                9,
                10,
                11,
                12,
                21,
                20,
                19,
                27,
                31,
                26,
                22,
                23,
                0
            ],
            "score": 160,
            "duration": 49.231306126252704,
            "elap_time": 0.0007016658782958984
        },
        "GreedyMaxIns": {
            "path": [
                0,
                28,
                17,
                16,
                15,
                18,
                19,
                21,
                22,
                25,
                24,
                23,
                26,
                27,
                0
            ],
            "score": 145,
            "duration": 49.88341496499916,
            "elap_time": 0.03308582305908203
        },
        "GreedyIndIns": {
            "path": [
                0,
                13,
                12,
                11,
                10,
                9,
                8,
                7,
                6,
                5,
                4,
                3,
                2,
                19,
                20,
                31,
                27,
                0
            ],
            "score": 125,
            "duration": 49.97986652162462,
            "elap_time": 0.053327083587646484
        },
        "GreedyRand": {
            "path": [
                0,
                26,
                4,
                3,
                5,
                2,
                31,
                27,
                0
            ],
            "score": 75,
            "duration": 49.684686134903345,
            "elap_time": 0.0015516281127929688
        },
        "LSMGSwap": {
            "path": [
                0,
                17,
                16,
                15,
                18,
                19,
                21,
                22,
                23,
                24,
                25,
                26,
                27,
                28,
                0
            ],
            "score": 145,
            "duration": 49.97088515729794,
            "elap_time": 0.7161927223205566
        },
        "LSNNSwap": {
            "path": [
                0,
                28,
                18,
                5,
                6,
                7,
                3,
                2,
                8,
                10,
                11,
                12,
                21,
                20,
                27,
                31,
                26,
                25,
                23,
                22,
                19,
                0
            ],
            "score": 180,
            "duration": 49.9340059306829,
            "elap_time": 1.8069040775299072
        },
        "LSMISwap": {
            "path": [
                0,
                28,
                17,
                16,
                15,
                18,
                19,
                21,
                22,
                23,
                24,
                25,
                26,
                31,
                27,
                0
            ],
            "score": 155,
            "duration": 49.216051435510195,
            "elap_time": 0.7865757942199707
        },
        "LSMG2opt": {
            "path": [
                0,
                18,
                15,
                16,
                17,
                28,
                27,
                31,
                26,
                25,
                24,
                23,
                22,
                21,
                12,
                19,
                0
            ],
            "score": 165,
            "duration": 49.97731235221035,
            "elap_time": 1.0227630138397217
        },
        "LSNN2opt": {
            "path": [
                0,
                28,
                18,
                6,
                7,
                3,
                2,
                8,
                9,
                10,
                11,
                12,
                21,
                22,
                23,
                24,
                25,
                26,
                31,
                27,
                20,
                19,
                0
            ],
            "score": 190,
            "duration": 49.818965547380394,
            "elap_time": 2.0204930305480957
        },
        "LSMI2opt": {
            "path": [
                0,
                28,
                17,
                16,
                15,
                18,
                19,
                21,
                22,
                23,
                24,
                25,
                26,
                31,
                27,
                0
            ],
            "score": 155,
            "duration": 49.216051435510195,
            "elap_time": 0.9007308483123779
        },
        "TSLS": {
            "path": [
                0,
                28,
                18,
                6,
                7,
                3,
                2,
                8,
                9,
                10,
                11,
                12,
                21,
                22,
                23,
                24,
                25,
                26,
                31,
                27,
                20,
                19,
                0
            ],
            "score": 190,
            "duration": 49.818965547380394,
            "elap_time": 2.2343363761901855
        },
        "TSLSINT": {
            "path": [
                0,
                28,
                18,
                6,
                7,
                3,
                2,
                8,
                9,
                10,
                11,
                12,
                21,
                22,
                23,
                24,
                25,
                26,
                31,
                27,
                20,
                19,
                0
            ],
            "score": 190,
            "duration": 49.818965547380394,
            "elap_time": 1.4807465076446533
        },
        "Grasp": {
            "path": [
                0,
                27,
                31,
                26,
                20,
                21,
                12,
                11,
                10,
                8,
                2,
                3,
                7,
                5,
                4,
                15,
                16,
                17,
                28,
                0
            ],
            "score": 180,
            "duration": 49.82608771363502,
            "elap_time": 8.817442655563354
        }
    },
    "1": {
        "GreedyMaxGrad": {
            "path": [
                1,
                15,
                16,
                24,
                25,
                26,
                21,
                19,
                1
            ],
            "score": 90,
            "duration": 49.97229075092489,
            "elap_time": 0.0002512931823730469
        },