{"0": {"GreedyMaxGrad": {"path": [0, 19, 15, 16, 17, 2, 7, 0], "score": 190, "duration": 34.43479086808101, "elap_time": 0.00014543533325195312}, "GreedyNearNeigh": {"path": [0, 13, 11, 12, 7, 6, 5, 3, 2, 8, 9, 10, 14, 0], "score": 200, "duration": 21.28594231979497, "elap_time": 0.0003407001495361328}, "GreedyMaxIns": {"path": [0, 7, 2, 17, 16, 15, 18, 19, 0], "score": 220, "duration": 34.966160719466245, "elap_time": 0.005273103713989258}, "GreedyIndIns": {"path": [0, 12, 8, 7, 6, 5, 4, 3, 2, 20, 0], "score": 170, "duration": 34.93024494361739, "elap_time": 0.008902311325073242}, "GreedyRand": {"path": [0, 19, 18, 17, 2, 7, 6, 11, 13, 0], "score": 180, "duration": 34.95602200554757, "elap_time": 0.0009818077087402344}, "LSMGSwap": {"path": [0, 12, 11, 8, 18, 19, 16, 15, 17, 2, 7, 0], "score": 265, "duration": 34.68722379626074, "elap_time": 0.21448707580566406}, "LSNNSwap": {"path": [0, 13, 11, 12, 7, 6, 5, 3, 2, 8, 17, 16, 15, 9, 10, 14, 0], "score": 310, "duration": 34.09649962081155, "elap_time": 0.5213801860809326}, "LSMISwap": {"path": [0, 11, 10, 9, 8, 17, 15, 16, 19, 18, 2, 7, 0], "score": 295, "duration": 34.783989772848244, "elap_time": 0.2708594799041748}, "LSMG2opt": {"path": [0, 11, 10, 9, 8, 17, 15, 16, 19, 18, 2, 7, 0], "score": 295, "duration": 34.783989772848244, "elap_time": 0.24335813522338867}, "LSNN2opt": {"path": [0, 11, 10, 9, 8, 17, 18, 19, 20, 4, 3, 5, 6, 7, 12, 0], "score": 315, "duration": 34.54036409794677, "elap_time": 0.5892667770385742}, "LSMI2opt": {"path": [0, 7, 2, 3, 19, 18, 16, 15, 17, 8, 12, 0], "score": 270, "duration": 34.8715871409582, "elap_time": 0.21481060981750488}, "TSLS": {"path": [0, 11, 10, 9, 8, 17, 18, 19, 20, 4, 3, 5, 6, 7, 12, 0], "score": 315, "duration": 34.54036409794677, "elap_time": 0.21489524841308594}, "TSLSINT": {"path": [0, 11, 10, 9, 8, 17, 18, 19, 20, 4, 3, 5, 6, 7, 12, 0], "score": 315, "duration": 34.54036409794677, "elap_time": 0.24746370315551758}, "Grasp": {"path": [0, 13, 14, 11, 10, 9, 17, 18, 19, 20, 4, 3, 5, 6, 7, 0], "score": 320, "duration": 34.969132454242505, "elap_time": 2.627511501312256}}, "1": {"GreedyMaxGrad": {"path": [1, 19, 15, 16, 9, 10, 13, 1], "score": 180, "duration": 34.85852067329138, "elap_time": 0.0001392364501953125}, "GreedyNearNeigh": {"path": [1, 13, 11, 12, 7, 6, 5, 3, 2, 8, 9, 10, 14, 1], "score": 200, "duration": 20.733137612111946, "elap_time": 0.0003154277801513672}, "GreedyMaxIns": {"path": [1, 10, 16, 15, 19, 18, 1], "score": 180, "duration": 34.987910200664615, "elap_time": 0.0027823448181152344}, "GreedyIndIns": {"path": [1, 7, 6, 5, 4, 3, 8, 2, 20, 11, 13, 1], "score": 185, "duration": 34.655015610100165, "elap_time": 0.009938240051269531}, "GreedyRand": {"path": [1, 14, 16, 2, 12, 0, 11, 13, 7, 1], "score": 130, "duration": 34.41164948289749, "elap_time": 0.0008718967437744141}, "LSMGSwap": {"path": [1, 14, 9, 15, 16, 19, 18, 8, 10, 11, 13, 1], "score": 270, "duration": 34.88277119580863, "elap_time": 0.19644975662231445}, "LSNNSwap": {"path": [1, 13, 11, 12, 6, 5, 3, 19, 18, 17, 8, 9, 10, 14, 1], "score": 280, "duration": 34.94099870734418, "elap_time": 0.455064058303833}, "LSMISwap": {"path": [1, 13, 10, 9, 17, 15, 16, 19, 18, 8, 11, 1], "score": 275, "duration": 34.75022498273275, "elap_time": 0.19092702865600586}, "LSMG2opt": {"path": [1, 10, 15, 16, 19, 18, 17, 9, 13, 1], "score": 240, "duration": 34.98230899038697, "elap_time": 0.14798331260681152}, "LSNN2opt": {"path": [1, 13, 11, 12, 6, 5, 3, 19, 18, 17, 8, 9, 10, 14, 1], "score": 280, "duration": 34.94099870734418, "elap_time": 0.457688570022583}, "LSMI2opt": {"path": [1, 13, 10, 9, 17, 15, 16, 19, 18, 8, 11, 1], "score": 275, "duration": 34.75022498273275, "elap_time": 0.20708656311035156}, "TSLS": {"path": [1, 13, 11, 12, 6, 5, 3, 19, 18, 17, 8, 9, 10, 14, 1], "score": 280, "duration": 34.94099870734418, "elap_time": 0.3042867183685303}, "TSLSINT": {"path": [1, 13, 11, 12, 7, 6, 5, 3, 20, 19, 18, 8, 9, 10, 14, 1], "score": 290, "duration": 34.85705949119958, "elap_time": 0.2438497543334961}, "Grasp": {"path": [1, 13, 12, 7, 5, 6, 3, 2, 8, 17, 16, 15, 9, 10, 11, 14, 1], "score": 310, "duration": 34.71984103543975, "elap_time": 2.4487993717193604}}}