{"0": {"GreedyMaxGrad": {"path": [0, 15, 16, 24, 25, 26, 27, 28, 0], "score": 95, "duration": 48.7031508515013, "elap_time": 0.0003285408020019531}, "GreedyNearNeigh": {"path": [0, 28, 18, 6, 7, 3, 2, 8, 9, 10, 11, 12, 21, 20, 19, 27, 31, 26, 22, 23, 0], "score": 160, "duration": 49.231306126252704, "elap_time": 0.0011110305786132812}, "GreedyMaxIns": {"path": [0, 28, 17, 16, 15, 18, 19, 21, 22, 25, 24, 23, 26, 27, 0], "score": 145, "duration": 49.88341496499916, "elap_time": 0.04218339920043945}, "GreedyIndIns": {"path": [0, 13, 12, 11, 10, 9, 8, 7, 6, 5, 4, 3, 2, 19, 20, 31, 27, 0], "score": 125, "duration": 49.97986652162462, "elap_time": 0.0654759407043457}, "GreedyRand": {"path": [0, 2, 10, 3, 25, 23, 12, 21, 19, 1, 0], "score": 80, "duration": 49.67766743198495, "elap_time": 0.0021462440490722656}, "LSMGSwap": {"path": [0, 17, 16, 15, 18, 19, 21, 22, 23, 24, 25, 26, 27, 28, 0], "score": 145, "duration": 49.97088515729794, "elap_time": 0.8703458309173584}, "LSNNSwap": {"path": [0, 28, 18, 5, 6, 7, 3, 2, 8, 10, 11, 12, 21, 20, 27, 31, 26, 25, 23, 22, 19, 0], "score": 180, "duration": 49.9340059306829, "elap_time": 2.1876041889190674}, "LSMISwap": {"path": [0, 28, 17, 16, 15, 18, 19, 21, 22, 23, 24, 25, 26, 31, 27, 0], "score": 155, "duration": 49.216051435510195, "elap_time": 0.9893844127655029}, "LSMG2opt": {"path": [0, 18, 15, 16, 17, 28, 27, 31, 26, 25, 24, 23, 22, 21, 12, 19, 0], "score": 165, "duration": 49.97731235221035, "elap_time": 1.2492852210998535}, "LSNN2opt": {"path": [0, 28, 18, 6, 7, 3, 2, 8, 9, 10, 11, 12, 21, 22, 23, 24, 25, 26, 31, 27, 20, 19, 0], "score": 190, "duration": 49.818965547380394, "elap_time": 2.4195988178253174}, "LSMI2opt": {"path": [0, 28, 17, 16, 15, 18, 19, 21, 22, 23, 24, 25, 26, 31, 27, 0], "score": 155, "duration": 49.216051435510195, "elap_time": 1.1407802104949951}, "TSLS": {"path": [0, 28, 18, 6, 7, 3, 2, 8, 9, 10, 11, 12, 21, 22, 23, 24, 25, 26, 31, 27, 20, 19, 0], "score": 190, "duration": 49.818965547380394, "elap_time": 2.039755344390869}, "TSLSINT": {"path": [0, 28, 18, 6, 7, 3, 2, 8, 9, 10, 11, 12, 21, 22, 23, 24, 25, 26, 31, 27, 20, 19, 0], "score": 190, "duration": 49.818965547380394, "elap_time": 1.5008916854858398}, "Grasp": {"path": [0, 6, 5, 4, 3, 2, 8, 10, 11, 12, 21, 22, 23, 24, 25, 26, 31, 27, 20, 19, 0], "score": 185, "duration": 49.58278871383973, "elap_time": 13.354109048843384}}, "1": {"GreedyMaxGrad": {"path": [1, 15, 16, 24, 25, 26, 21, 19, 1], "score": 90, "duration": 49.97229075092489, "elap_time": 0.000331878662109375}, "GreedyNearNeigh": {"path": [1, 18, 28, 17, 29, 16, 15, 14, 4, 5, 6, 7, 3, 2, 8, 9, 1], "score": 135, "duration": 49.35927818648105, "elap_time": 0.0009086132049560547}, "GreedyMaxIns": {"path": [1, 17, 16, 15, 18, 21, 25, 24, 26, 1], "score": 100, "duration": 49.965076231106586, "elap_time": 0.021457910537719727}, "GreedyIndIns": {"path": [1, 13, 12, 11, 10, 9, 8, 7, 6, 5, 4, 3, 2, 19, 20, 31, 1], "score": 115, "duration": 49.96682969791223, "elap_time": 0.06217622756958008}, "GreedyRand": {"path": [1, 16, 11, 12, 5, 6, 28, 0, 1], "score": 60, "duration": 49.548588751082214, "elap_time": 0.0018994808197021484}, "LSMGSwap": {"path": [1, 18, 15, 16, 17, 28, 27, 31, 26, 25, 24, 23, 22, 21, 12, 19, 1], "score": 165, "duration": 49.747945668756145, "elap_time": 1.5559074878692627}, "LSNNSwap": {"path": [1, 28, 29, 17, 16, 15, 14, 4, 5, 6, 7, 3, 2, 8, 10, 11, 9, 13, 1], "score": 155, "duration": 49.92209435245713, "elap_time": 1.730184555053711}, "LSMISwap": {"path": [1, 18, 15, 16, 17, 28, 27, 31, 26, 25, 24, 23, 22, 21, 12, 19, 1], "score": 165, "duration": 49.747945668756145, "elap_time": 1.3574917316436768}, "LSMG2opt": {"path": [1, 18, 15, 16, 17, 28, 27, 31, 26, 25, 24, 23, 22, 21, 12, 19, 1], "score": 165, "duration": 49.747945668756145, "elap_time": 1.4047462940216064}, "LSNN2opt": {"path": [1, 28, 29, 17, 16, 15, 14, 4, 5, 6, 7, 3, 2, 8, 10, 11, 9, 13, 1], "score": 155, "duration": 49.92209435245713, "elap_time": 2.4347951412200928}, "LSMI2opt": {"path": [1, 18, 15, 16, 17, 28, 27, 31, 26, 25, 24, 23, 22, 21, 12, 19, 1], "score": 165, "duration": 49.747945668756145, "elap_time": 1.8805806636810303}, "TSLS": {"path": [1, 18, 15, 16, 17, 28, 27, 31, 26, 25, 24, 23, 22, 21, 12, 19, 1], "score": 165, "duration": 49.747945668756145, "elap_time": 1.3721532821655273}, "TSLSINT": {"path": [1, 18, 15, 16, 17, 28, 27, 31, 26, 25, 24, 23, 22, 21, 12, 19, 1], "score": 165, "duration": 49.747945668756145, "elap_time": 1.5074002742767334}, "Grasp": {"path": [1, 19, 27, 31, 26, 25, 24, 23, 22, 21, 12, 11, 10, 8, 2, 3, 7, 4, 5, 6, 1], "score": 185, "duration": 49.898859363171624, "elap_time": 11.688247203826904}}}