{"0": {"GreedyMaxGrad": {"path": [0, 20, 21, 22, 15, 16, 17, 18, 19, 9, 10, 30, 24, 0], "score": 440, "duration": 109.68805056153495, "elap_time": 0.0004227161407470703}, "GreedyNearNeigh": {"path": [0, 24, 23, 27, 14, 28, 4, 3, 6, 2, 8, 31, 12, 29, 26, 32, 30, 11, 10, 9, 25, 22, 7, 5, 20, 17, 13, 15, 16, 21, 0], "score": 720, "duration": 98.68587629233757, "elap_time": 0.0009436607360839844}, "GreedyMaxIns": {"path": [0, 4, 14, 3, 13, 6, 2, 8, 12, 11, 10, 9, 19, 18, 30, 26, 32, 17, 16, 15, 21, 20, 22, 24, 0], "score": 680, "duration": 109.98435057834375, "elap_time": 0.12406086921691895}, "GreedyIndIns": {"path": [0, 23, 15, 16, 20, 14, 13, 12, 11, 10, 9, 8, 7, 6, 5, 4, 3, 2, 32, 0], "score": 470, "duration": 109.9740197929494, "elap_time": 0.0869894027709961}, "GreedyRand": {"path": [0, 22, 17, 10, 21, 15, 19, 9, 24, 27, 0], "score": 300, "duration": 109.66437735859425, "elap_time": 0.002233743667602539}, "LSMGSwap": {"path": [0, 24, 22, 7, 5, 28, 14, 4, 16, 21, 17, 13, 15, 20, 3, 6, 2, 8, 29, 31, 12, 11, 18, 19, 9, 10, 30, 26, 32, 23, 27, 0], "score": 790, "duration": 109.91746059679323, "elap_time": 3.644711494445801}, "LSNNSwap": {"path": [0, 24, 23, 27, 14, 28, 4, 3, 6, 2, 8, 31, 12, 29, 26, 32, 30, 11, 19, 18, 10, 9, 25, 22, 7, 5, 20, 17, 21, 15, 16, 13, 0], "score": 800, "duration": 108.85733274296214, "elap_time": 1.2175743579864502}, "LSMISwap": {"path": [0, 27, 23, 14, 4, 3, 13, 6, 2, 8, 31, 12, 29, 30, 9, 10, 18, 19, 11, 26, 32, 17, 16, 15, 21, 20, 28, 5, 7, 22, 24, 0], "score": 790, "duration": 109.72935458704214, "elap_time": 1.799726963043213}, "LSMG2opt": {"path": [0, 25, 27, 23, 32, 26, 30, 9, 10, 18, 19, 11, 12, 31, 29, 8, 2, 6, 21, 15, 16, 17, 20, 13, 3, 28, 14, 4, 5, 7, 22, 24, 0], "score": 800, "duration": 109.07711211154826, "elap_time": 4.0836169719696045}, "LSNN2opt": {"path": [0, 24, 23, 27, 5, 7, 22, 25, 9, 10, 18, 19, 11, 30, 32, 26, 29, 12, 31, 8, 2, 6, 3, 4, 28, 14, 20, 17, 13, 15, 16, 21, 0], "score": 800, "duration": 109.22741730211774, "elap_time": 1.618992805480957}, "LSMI2opt": {"path": [0, 27, 23, 32, 26, 29, 30, 10, 9, 18, 19, 11, 12, 31, 8, 2, 6, 13, 3, 4, 14, 28, 17, 16, 15, 21, 20, 7, 5, 22, 24, 0], "score": 790, "duration": 108.00113151013433, "elap_time": 2.475339412689209}, "TSLS": {"path": [0, 24, 23, 27, 14, 28, 4, 3, 6, 2, 8, 31, 12, 29, 26, 32, 30, 11, 19, 18, 10, 9, 25, 22, 7, 5, 20, 17, 21, 15, 16, 13, 0], "score": 800, "duration": 108.85733274296214, "elap_time": 2.696335792541504}, "TSLSINT": {"path": [0, 24, 23, 27, 14, 28, 4, 3, 6, 2, 8, 31, 12, 29, 26, 32, 30, 11, 19, 18, 10, 9, 25, 22, 7, 5, 20, 17, 21, 15, 16, 13, 0], "score": 800, "duration": 108.85733274296214, "elap_time": 2.230158805847168}, "Grasp": {"path": [0, 23, 27, 32, 29, 26, 30, 25, 9, 10, 19, 18, 11, 12, 31, 8, 2, 6, 3, 16, 21, 15, 13, 20, 17, 28, 14, 4, 5, 7, 22, 24, 0], "score": 800, "duration": 108.5395225637342, "elap_time": 93.46268010139465}}, "1": {"GreedyMaxGrad": {"path": [1, 20, 21, 22, 15, 16, 17, 18, 19, 9, 10, 30, 26, 1], "score": 440, "duration": 108.7261988807571, "elap_time": 0.0004363059997558594}, "GreedyNearNeigh": {"path": [1, 23, 27, 24, 22, 7, 5, 28, 14, 4, 3, 6, 2, 8, 31, 12, 29, 26, 32, 30, 11, 10, 9, 25, 20, 17, 13, 15, 16, 21, 1], "score": 720, "duration": 102.39757956175545, "elap_time": 0.0010378360748291016}, "GreedyMaxIns": {"path": [1, 23, 14, 4, 3, 13, 6, 2, 8, 12, 11, 10, 9, 19, 18, 30, 26, 32, 17, 16, 15, 21, 20, 28, 22, 24, 1], "score": 700, "duration": 109.77322269509321, "elap_time": 0.13762474060058594}, "GreedyIndIns": {"path": [1, 23, 16, 15, 14, 13, 12, 11, 10, 9, 26, 8, 24, 22, 7, 6, 5, 4, 3, 2, 32, 1], "score": 490, "duration": 109.94736749406407, "elap_time": 0.10453534126281738}, "GreedyRand": {"path": [1, 19, 16, 22, 21, 10, 32, 1], "score": 220, "duration": 109.05482596405902, "elap_time": 0.0014853477478027344}, "LSMGSwap": {"path": [1, 23, 27, 24, 22, 7, 5, 14, 28, 4, 20, 17, 3, 13, 15, 16, 21, 6, 2, 29, 8, 31, 12, 11, 18, 19, 9, 10, 30, 26, 32, 1], "score": 790, "duration": 109.4065212096065, "elap_time": 3.632373809814453}, "LSNNSwap": {"path": [1, 23, 27, 24, 22, 7, 5, 28, 14, 4, 3, 6, 2, 8, 31, 12, 29, 26, 30, 11, 19, 18, 10, 9, 25, 32, 20, 17, 21, 15, 16, 13, 1], "score": 800, "duration": 109.92265618088034, "elap_time": 1.1686036586761475}, "LSMISwap": {"path": [1, 23, 27, 14, 4, 3, 13, 6, 2, 8, 31, 12, 29, 9, 10, 18, 19, 11, 30, 26, 32, 17, 16, 15, 21, 20, 28, 5, 7, 22, 24, 1], "score": 790, "duration": 109.91065288511909, "elap_time": 1.6116738319396973}, "LSMG2opt": {"path": [1, 27, 23, 24, 25, 22, 7, 5, 28, 14, 4, 20, 17, 16, 15, 21, 13, 3, 2, 6, 8, 31, 29, 12, 11, 19, 18, 9, 10, 30, 26, 32, 1], "score": 800, "duration": 109.31080517552631, "elap_time": 3.678729772567749}, "LSNN2opt": {"path": [1, 23, 27, 24, 22, 7, 5, 28, 14, 4, 3, 6, 2, 8, 31, 12, 29, 26, 32, 30, 11, 19, 18, 10, 9, 25, 20, 17, 21, 16, 15, 13, 1], "score": 800, "duration": 109.87439988067996, "elap_time": 1.35536789894104}, "LSMI2opt": {"path": [1, 27, 23, 32, 26, 29, 30, 25, 9, 10, 18, 19, 11, 12, 31, 8, 2, 6, 13, 3, 4, 14, 17, 16, 15, 21, 20, 28, 5, 7, 22, 24, 1], "score": 800, "duration": 109.64990448465886, "elap_time": 1.4783453941345215}, "TSLS": {"path": [1, 23, 27, 24, 22, 7, 5, 28, 14, 4, 3, 6, 2, 8, 31, 12, 29, 26, 30, 11, 19, 18, 10, 9, 25, 32, 20, 17, 21, 15, 16, 13, 1], "score": 800, "duration": 109.92265618088034, "elap_time": 2.681325674057007}, "TSLSINT": {"path": [1, 23, 27, 24, 22, 7, 5, 28, 14, 4, 3, 6, 2, 8, 31, 12, 29, 26, 30, 11, 19, 18, 10, 9, 25, 32, 20, 17, 21, 15, 16, 13, 1], "score": 800, "duration": 109.92265618088034, "elap_time": 2.176278829574585}, "Grasp": {"path": [1, 32, 30, 26, 8, 31, 12, 29, 11, 19, 18, 10, 9, 25, 22, 7, 5, 28, 14, 20, 17, 16, 21, 13, 15, 2, 6, 3, 4, 27, 23, 0, 24, 1], "score": 800, "duration": 109.08067501098051, "elap_time": 88.22487092018127}}}