{"0": {"GreedyMaxGrad": {"path": [0, 15, 16, 24, 25, 26, 2, 3, 4, 5, 10, 11, 12, 21, 22, 27, 0], "score": 175, "duration": 84.68563046520676, "elap_time": 0.0004582405090332031}, "GreedyNearNeigh": {"path": [0, 28, 18, 6, 7, 3, 2, 8, 9, 10, 11, 12, 21, 20, 19, 27, 31, 26, 22, 23, 25, 24, 30, 29, 17, 15, 14, 0], "score": 245, "duration": 82.98327007669478, "elap_time": 0.0008878707885742188}, "GreedyMaxIns": {"path": [0, 5, 4, 3, 8, 10, 2, 12, 22, 25, 24, 23, 27, 28, 17, 16, 15, 26, 0], "score": 190, "duration": 84.96629605971876, "elap_time": 0.06347465515136719}, "GreedyIndIns": {"path": [0, 20, 19, 18, 17, 16, 15, 14, 13, 12, 11, 10, 9, 8, 7, 6, 5, 4, 3, 2, 21, 26, 31, 27, 0], "score": 205, "duration": 84.55771702885589, "elap_time": 0.12157797813415527}, "GreedyRand": {"path": [0, 15, 2, 4, 12, 26, 17, 21, 23, 24, 27, 19, 0], "score": 120, "duration": 84.66241899722857, "elap_time": 0.0026929378509521484}, "LSMGSwap": {"path": [0, 18, 15, 16, 17, 28, 27, 20, 22, 24, 25, 23, 8, 2, 3, 4, 5, 6, 13, 9, 10, 11, 12, 21, 26, 31, 0], "score": 245, "duration": 84.78217344628042, "elap_time": 2.233471155166626}, "LSNNSwap": {"path": [0, 28, 18, 6, 7, 3, 2, 8, 10, 11, 12, 21, 20, 19, 27, 31, 26, 22, 23, 24, 25, 30, 29, 17, 16, 15, 14, 4, 5, 0], "score": 275, "duration": 84.87159751328434, "elap_time": 1.7320218086242676}, "LSMISwap": {"path": [0, 18, 7, 6, 5, 4, 3, 2, 8, 10, 11, 12, 21, 22, 23, 24, 25, 26, 31, 27, 30, 29, 17, 16, 14, 15, 28, 0], "score": 265, "duration": 84.6630660151899, "elap_time": 2.5555291175842285}, "LSMG2opt": {"path": [0, 28, 30, 29, 17, 16, 15, 14, 4, 3, 2, 7, 5, 6, 13, 9, 8, 10, 11, 12, 21, 22, 23, 24, 25, 26, 31, 27, 0], "score": 270, "duration": 84.77193896616777, "elap_time": 2.8353028297424316}, "LSNN2opt": {"path": [0, 28, 18, 5, 4, 14, 15, 16, 17, 29, 30, 25, 24, 23, 22, 26, 31, 27, 20, 21, 12, 11, 10, 9, 8, 2, 3, 7, 6, 13, 0], "score": 280, "duration": 84.68621665610287, "elap_time": 1.3706731796264648}, "LSMI2opt": {"path": [0, 28, 29, 17, 16, 15, 14, 4, 5, 7, 6, 13, 3, 2, 9, 10, 8, 11, 12, 21, 22, 25, 24, 23, 26, 31, 30, 27, 20, 19, 0], "score": 280, "duration": 84.94801740177401, "elap_time": 2.27174973487854}, "TSLS": {"path": [0, 28, 18, 5, 4, 14, 15, 16, 17, 29, 30, 25, 24, 23, 22, 26, 31, 27, 20, 21, 12, 11, 10, 9, 8, 2, 3, 7, 6, 13, 0], "score": 280, "duration": 84.68621665610287, "elap_time": 1.6451821327209473}, "TSLSINT": {"path": [0, 28, 18, 5, 4, 14, 15, 16, 17, 29, 30, 25, 24, 23, 22, 26, 31, 27, 20, 21, 12, 11, 10, 9, 8, 2, 3, 7, 6, 13, 0], "score": 280, "duration": 84.68621665610287, "elap_time": 1.1629936695098877}, "Grasp": {"path": [0, 28, 29, 17, 16, 15, 14, 4, 5, 6, 7, 3, 2, 8, 10, 11, 12, 21, 22, 23, 24, 25, 26, 31, 30, 27, 20, 19, 9, 13, 18, 1, 0], "score": 285, "duration": 84.0025613273707, "elap_time": 55.057231187820435}}, "1": {"GreedyMaxGrad": {"path": [1, 15, 16, 24, 25, 26, 2, 3, 4, 5, 10, 11, 12, 21, 22, 27, 1], "score": 175, "duration": 84.95984587152947, "elap_time": 0.00047206878662109375}, "GreedyNearNeigh": {"path": [1, 18, 28, 17, 29, 16, 15, 14, 4, 5, 6, 7, 3, 2, 8, 9, 10, 11, 12, 21, 20, 19, 27, 31, 26, 22, 23, 25, 24, 1], "score": 270, "duration": 83.68748682585863, "elap_time": 0.0009183883666992188}, "GreedyMaxIns": {"path": [1, 5, 4, 3, 8, 10, 2, 12, 21, 22, 25, 24, 23, 27, 17, 16, 15, 26, 1], "score": 190, "duration": 84.94772749984476, "elap_time": 0.0643768310546875}, "GreedyIndIns": {"path": [1, 20, 19, 18, 17, 16, 15, 14, 13, 12, 11, 10, 9, 8, 7, 6, 5, 4, 3, 2, 26, 31, 27, 1], "score": 195, "duration": 84.97049018877439, "elap_time": 0.11425137519836426}, "GreedyRand": {"path": [1, 16, 15, 11, 26, 14, 12, 25, 21, 19, 1], "score": 105, "duration": 84.99411501108791, "elap_time": 0.0021398067474365234}, "LSMGSwap": {"path": [1, 18, 15, 16, 17, 28, 31, 25, 24, 23, 22, 9, 8, 2, 3, 7, 4, 5, 6, 13, 10, 11, 12, 21, 20, 26, 27, 1], "score": 250, "duration": 84.65085264086761, "elap_time": 2.105895757675171}, "LSNNSwap": {"path": [1, 18, 28, 29, 17, 16, 15, 14, 4, 5, 6, 7, 3, 2, 8, 9, 10, 11, 12, 21, 20, 19, 27, 31, 26, 22, 23, 25, 24, 13, 1], "score": 275, "duration": 84.88705365273353, "elap_time": 1.0967769622802734}, "LSMISwap": {"path": [1, 7, 6, 5, 4, 3, 2, 8, 9, 10, 11, 12, 21, 22, 23, 24, 25, 26, 31, 30, 27, 29, 16, 14, 15, 17, 28, 1], "score": 265, "duration": 84.92135621406231, "elap_time": 2.408564567565918}, "LSMG2opt": {"path": [1, 13, 2, 3, 7, 6, 5, 4, 14, 15, 16, 17, 29, 28, 30, 31, 26, 25, 24, 23, 22, 21, 12, 11, 10, 8, 9, 19, 27, 1], "score": 275, "duration": 84.51285277871276, "elap_time": 2.2273271083831787}, "LSNN2opt": {"path": [1, 18, 28, 17, 29, 16, 15, 14, 4, 5, 6, 7, 3, 2, 8, 9, 10, 11, 12, 21, 24, 25, 23, 22, 26, 30, 31, 27, 19, 20, 1], "score": 280, "duration": 84.54069885660942, "elap_time": 1.1985692977905273}, "LSMI2opt": {"path": [1, 18, 28, 29, 17, 16, 15, 14, 4, 5, 6, 7, 3, 2, 8, 11, 10, 9, 12, 21, 22, 25, 24, 23, 30, 27, 31, 26, 20, 19, 1], "score": 280, "duration": 84.60080987831624, "elap_time": 2.479102611541748}, "TSLS": {"path": [1, 18, 28, 17, 29, 16, 15, 14, 4, 5, 6, 7, 3, 2, 8, 9, 10, 11, 12, 21, 24, 25, 23, 22, 26, 30, 31, 27, 19, 20, 1], "score": 280, "duration": 84.54069885660942, "elap_time": 1.3672881126403809}, "TSLSINT": {"path": [1, 18, 28, 17, 29, 16, 15, 14, 4, 5, 6, 7, 3, 2, 8, 9, 10, 11, 12, 21, 24, 25, 23, 22, 26, 30, 31, 27, 19, 20, 1], "score": 280, "duration": 84.54069885660942, "elap_time": 1.6918261051177979}, "Grasp": {"path": [1, 0, 19, 20, 27, 30, 31, 26, 25, 24, 23, 22, 21, 12, 11, 10, 13, 9, 8, 2, 3, 7, 6, 5, 4, 14, 15, 16, 17, 29, 28, 18, 1], "score": 285, "duration": 84.49282192832194, "elap_time": 52.589884757995605}}}