{"0": {"GreedyMaxGrad": {"path": [0, 20, 21, 22, 14, 3, 4, 23, 24, 0], "score": 240, "duration": 49.91245051235388, "elap_time": 0.0004057884216308594}, "GreedyNearNeigh": {"path": [0, 24, 23, 27, 14, 28, 4, 3, 6, 2, 8, 31, 12, 29, 26, 32, 30, 11, 0], "score": 310, "duration": 48.25443833548508, "elap_time": 0.0009429454803466797}, "GreedyMaxIns": {"path": [0, 23, 4, 14, 3, 13, 17, 16, 15, 21, 20, 28, 5, 22, 24, 0], "score": 420, "duration": 49.727727698060015, "elap_time": 0.057599782943725586}, "GreedyIndIns": {"path": [0, 24, 7, 14, 13, 8, 6, 5, 4, 3, 2, 32, 0], "score": 220, "duration": 49.99751156611407, "elap_time": 0.036461591720581055}, "GreedyRand": {"path": [0, 19, 12, 9, 25, 22, 0], "score": 160, "duration": 49.996233520104255, "elap_time": 0.0011785030364990234}, "LSMGSwap": {"path": [0, 32, 8, 2, 6, 13, 15, 16, 21, 17, 20, 3, 4, 14, 5, 7, 22, 24, 0], "score": 490, "duration": 49.542860072347395, "elap_time": 2.14542555809021}, "LSNNSwap": {"path": [0, 22, 24, 23, 27, 14, 28, 4, 17, 20, 13, 3, 6, 2, 8, 31, 12, 29, 30, 26, 32, 0], "score": 450, "duration": 49.62193596270298, "elap_time": 3.4495744705200195}, "LSMISwap": {"path": [0, 23, 27, 14, 4, 3, 2, 6, 13, 15, 16, 21, 17, 20, 28, 5, 7, 22, 24, 0], "score": 490, "duration": 49.37854023323936, "elap_time": 2.1859817504882812}, "LSMG2opt": {"path": [0, 27, 23, 28, 14, 4, 3, 6, 13, 15, 21, 16, 17, 20, 5, 7, 22, 24, 0], "score": 470, "duration": 49.69192898689275, "elap_time": 2.7057301998138428}, "LSNN2opt": {"path": [0, 22, 24, 23, 27, 14, 28, 4, 20, 17, 16, 15, 13, 3, 6, 2, 8, 31, 29, 26, 32, 0], "score": 480, "duration": 49.97555048335971, "elap_time": 3.5554542541503906}, "LSMI2opt": {"path": [0, 23, 27, 14, 4, 3, 2, 6, 13, 15, 21, 16, 17, 20, 28, 5, 7, 22, 24, 0], "score": 490, "duration": 49.946150539013175, "elap_time": 2.013362169265747}, "TSLS": {"path": [0, 32, 8, 2, 6, 13, 15, 16, 21, 17, 20, 3, 4, 14, 5, 7, 22, 24, 0], "score": 490, "duration": 49.542860072347395, "elap_time": 2.452916383743286}, "TSLSINT": {"path": [0, 32, 8, 2, 6, 13, 15, 16, 21, 17, 20, 3, 4, 14, 5, 7, 22, 24, 0], "score": 490, "duration": 49.542860072347395, "elap_time": 2.2723326683044434}, "Grasp": {"path": [0, 26, 29, 12, 31, 8, 2, 6, 3, 13, 15, 16, 17, 20, 4, 14, 28, 5, 7, 22, 24, 0], "score": 520, "duration": 49.77466925329676, "elap_time": 17.529317617416382}}, "1": {"GreedyMaxGrad": {"path": [1, 20, 21, 22, 14, 3, 4, 23, 1], "score": 230, "duration": 48.868613287885154, "elap_time": 0.00032019615173339844}, "GreedyNearNeigh": {"path": [1, 23, 27, 24, 22, 7, 5, 28, 14, 4, 3, 6, 2, 8, 31, 12, 29, 26, 32, 30, 25, 1], "score": 380, "duration": 49.183569008724284, "elap_time": 0.0009467601776123047}, "GreedyMaxIns": {"path": [1, 23, 4, 14, 3, 13, 17, 16, 15, 21, 20, 27, 22, 24, 1], "score": 400, "duration": 49.74765983914167, "elap_time": 0.04759573936462402}, "GreedyIndIns": {"path": [1, 8, 23, 7, 14, 6, 5, 4, 3, 2, 32, 1], "score": 190, "duration": 49.962708720286926, "elap_time": 0.028539180755615234}, "GreedyRand": {"path": [1, 17, 18, 24, 0, 1], "score": 90, "duration": 49.57522183825861, "elap_time": 0.0009295940399169922}, "LSMGSwap": {"path": [1, 24, 22, 7, 5, 14, 6, 15, 16, 21, 17, 20, 13, 3, 4, 27, 23, 1], "score": 460, "duration": 49.56575445850126, "elap_time": 1.9640581607818604}, "LSNNSwap": {"path": [1, 23, 27, 24, 22, 7, 5, 28, 14, 4, 17, 20, 13, 6, 2, 8, 31, 12, 29, 30, 26, 32, 1], "score": 470, "duration": 49.829829412538714, "elap_time": 3.269953727722168}, "LSMISwap": {"path": [1, 23, 14, 28, 4, 3, 13, 17, 16, 15, 21, 20, 27, 22, 24, 1], "score": 410, "duration": 49.83385136998384, "elap_time": 1.7393896579742432}, "LSMG2opt": {"path": [1, 24, 22, 7, 5, 14, 28, 20, 17, 21, 16, 15, 13, 6, 2, 3, 4, 23, 1], "score": 480, "duration": 49.85647614207475, "elap_time": 2.4052634239196777}, "LSNN2opt": {"path": [1, 23, 27, 24, 22, 7, 5, 28, 14, 4, 17, 20, 13, 6, 2, 8, 31, 12, 29, 30, 26, 32, 1], "score": 470, "duration": 49.829829412538714, "elap_time": 3.4481191635131836}, "LSMI2opt": {"path": [1, 23, 14, 28, 4, 3, 13, 17, 16, 15, 21, 20, 27, 22, 24, 1], "score": 410, "duration": 49.83385136998384, "elap_time": 2.1801936626434326}, "TSLS": {"path": [1, 24, 22, 7, 5, 14, 28, 20, 17, 21, 16, 15, 13, 6, 2, 3, 4, 23, 1], "score": 480, "duration": 49.85647614207475, "elap_time": 3.450061321258545}, "TSLSINT": {"path": [1, 24, 22, 7, 5, 14, 28, 20, 17, 21, 16, 15, 13, 6, 2, 3, 4, 23, 1], "score": 480, "duration": 49.85647614207475, "elap_time": 2.1953210830688477}, "Grasp": {"path": [1, 26, 29, 12, 31, 8, 2, 6, 15, 16, 13, 17, 20, 4, 14, 28, 5, 7, 22, 24, 0, 1], "score": 500, "duration": 49.58328115221792, "elap_time": 16.071277141571045}}}