{"0": {"GreedyMaxGrad": {"path": [0, 19, 15, 16, 4, 14, 13, 0], "score": 195, "duration": 44.19958150678647, "elap_time": 0.00029015541076660156}, "GreedyNearNeigh": {"path": [0, 13, 11, 12, 7, 6, 5, 3, 2, 8, 9, 10, 14, 17, 15, 16, 0], "score": 310, "duration": 43.468955872099755, "elap_time": 0.0006983280181884766}, "GreedyMaxIns": {"path": [0, 7, 2, 3, 4, 20, 18, 17, 16, 15, 19, 8, 11, 0], "score": 335, "duration": 44.60714759787506, "elap_time": 0.03293561935424805}, "GreedyIndIns": {"path": [0, 14, 13, 12, 11, 10, 9, 8, 7, 6, 5, 4, 3, 2, 20, 0], "score": 260, "duration": 41.037646422890106, "elap_time": 0.06817507743835449}, "GreedyRand": {"path": [0, 16, 14, 18, 8, 12, 0], "score": 125, "duration": 44.84348346819135, "elap_time": 0.0028228759765625}, "LSMGSwap": {"path": [0, 7, 2, 3, 4, 20, 19, 16, 15, 17, 18, 8, 9, 10, 14, 13, 0], "score": 395, "duration": 44.94747923718709, "elap_time": 0.7821688652038574}, "LSNNSwap": {"path": [0, 13, 14, 11, 12, 7, 6, 5, 3, 2, 8, 19, 18, 17, 15, 16, 9, 10, 0], "score": 390, "duration": 44.46237909714944, "elap_time": 0.6421012878417969}, "LSMISwap": {"path": [0, 11, 12, 7, 6, 2, 3, 4, 20, 19, 18, 16, 15, 17, 8, 9, 10, 14, 13, 0], "score": 435, "duration": 44.7960587153171, "elap_time": 0.3719217777252197}, "LSMG2opt": {"path": [0, 7, 12, 11, 2, 3, 4, 20, 19, 18, 15, 16, 17, 8, 9, 10, 14, 13, 0], "score": 420, "duration": 44.05646183405882, "elap_time": 0.6012406349182129}, "LSNN2opt": {"path": [0, 13, 14, 10, 17, 15, 16, 19, 18, 9, 8, 2, 3, 5, 6, 7, 12, 11, 0], "score": 390, "duration": 44.688021356387424, "elap_time": 0.5986976623535156}, "LSMI2opt": {"path": [0, 13, 14, 11, 10, 9, 8, 17, 15, 16, 18, 19, 20, 4, 3, 2, 5, 6, 7, 12, 0], "score": 450, "duration": 44.89233212879235, "elap_time": 0.2942678928375244}, "TSLS": {"path": [0, 13, 14, 11, 10, 9, 8, 17, 15, 16, 18, 19, 20, 4, 3, 2, 5, 6, 7, 12, 0], "score": 450, "duration": 44.89233212879235, "elap_time": 0.3457338809967041}, "TSLSINT": {"path": [0, 13, 14, 11, 10, 9, 8, 17, 15, 16, 18, 19, 20, 4, 3, 2, 5, 6, 7, 12, 0], "score": 450, "duration": 44.89233212879235, "elap_time": 0.2880222797393799}, "Grasp": {"path": [0, 13, 14, 11, 10, 9, 8, 17, 15, 16, 18, 19, 20, 4, 3, 2, 5, 6, 7, 12, 0], "score": 450, "duration": 44.89233212879235, "elap_time": 6.2121734619140625}}, "1": {"GreedyMaxGrad": {"path": [1, 19, 15, 16, 4, 14, 1], "score": 185, "duration": 44.59034247391827, "elap_time": 0.00015354156494140625}, "GreedyNearNeigh": {"path": [1, 13, 11, 12, 7, 6, 5, 3, 2, 8, 9, 10, 14, 17, 15, 16, 1], "score": 310, "duration": 44.3350105543424, "elap_time": 0.0004124641418457031}, "GreedyMaxIns": {"path": [1, 7, 6, 5, 4, 18, 17, 16, 15, 19, 2, 12, 1], "score": 290, "duration": 44.924803327319815, "elap_time": 0.01609516143798828}, "GreedyIndIns": {"path": [1, 14, 13, 12, 11, 10, 9, 8, 7, 6, 5, 4, 3, 2, 20, 1], "score": 260, "duration": 41.78305457920833, "elap_time": 0.025240659713745117}, "GreedyRand": {"path": [1, 14, 16, 19, 18, 3, 2, 12, 10, 8, 11, 13, 1], "score": 260, "duration": 44.512129272358436, "elap_time": 0.001852273941040039}, "LSMGSwap": {"path": [1, 13, 11, 2, 3, 4, 20, 19, 16, 15, 17, 18, 8, 10, 14, 1], "score": 380, "duration": 44.99172594761211, "elap_time": 0.45165252685546875}, "LSNNSwap": {"path": [1, 13, 11, 12, 7, 6, 5, 3, 2, 8, 9, 17, 15, 16, 19, 18, 10, 14, 1], "score": 390, "duration": 44.42782616421829, "elap_time": 0.5546848773956299}, "LSMISwap": {"path": [1, 7, 6, 5, 3, 4, 20, 19, 18, 16, 15, 17, 8, 2, 10, 11, 14, 1], "score": 410, "duration": 44.93296700981936, "elap_time": 0.5803472995758057}, "LSMG2opt": {"path": [1, 13, 11, 12, 7, 6, 2, 3, 4, 20, 19, 18, 16, 15, 17, 8, 9, 10, 14, 1], "score": 435, "duration": 44.69718458452626, "elap_time": 0.45201683044433594}, "LSNN2opt": {"path": [1, 13, 11, 12, 7, 6, 5, 3, 2, 8, 9, 18, 19, 16, 15, 17, 10, 14, 1], "score": 390, "duration": 44.58914722559659, "elap_time": 0.5164623260498047}, "LSMI2opt": {"path": [1, 13, 7, 6, 5, 3, 4, 20, 19, 18, 16, 15, 17, 8, 2, 12, 11, 14, 1], "score": 410, "duration": 44.59499294479449, "elap_time": 0.46343445777893066}, "TSLS": {"path": [1, 13, 11, 12, 7, 6, 2, 3, 4, 20, 19, 18, 16, 15, 17, 8, 9, 10, 14, 1], "score": 435, "duration": 44.69718458452626, "elap_time": 0.2878129482269287}, "TSLSINT": {"path": [1, 13, 11, 12, 7, 6, 2, 3, 4, 20, 19, 18, 16, 15, 17, 8, 9, 10, 14, 1], "score": 435, "duration": 44.69718458452626, "elap_time": 0.27765512466430664}, "Grasp": {"path": [1, 0, 7, 6, 5, 2, 3, 4, 20, 19, 18, 16, 15, 17, 8, 9, 10, 11, 13, 14, 1], "score": 440, "duration": 44.92543464251618, "elap_time": 8.307985544204712}}}