{"0": {"GreedyMaxGrad": {"path": [0, 5, 20, 4, 7, 27, 28, 39, 25, 37, 0], "score": 64, "duration": 59, "elap_time": 0.001979351043701172}, "GreedyNearNeigh": {"path": [0, 17, 19, 32, 28, 7, 26, 27, 25, 4, 37, 31, 39, 38, 0], "score": 79, "duration": 56, "elap_time": 0.0030126571655273438}, "GreedyMaxIns": {"path": [0, 37, 25, 28, 27, 7, 4, 5, 20, 19, 0], "score": 66, "duration": 60, "elap_time": 0.12261176109313965}, "GreedyIndIns": {"path": [0, 17, 50, 49, 47, 0], "score": 19, "duration": 60, "elap_time": 0.021468400955200195}, "GreedyRand": {"path": [0, 16, 28, 31, 25, 4, 37, 0], "score": 39, "duration": 59, "elap_time": 0.008046627044677734}, "LSMGSwap": {"path": [0, 16, 30, 9, 5, 4, 20, 7, 28, 27, 39, 25, 37, 31, 0], "score": 93, "duration": 60, "elap_time": 3.83742618560791}, "LSNNSwap": {"path": [0, 19, 32, 7, 28, 27, 25, 4, 5, 30, 9, 37, 31, 39, 38, 0], "score": 93, "duration": 60, "elap_time": 6.533172130584717}, "LSMISwap": {"path": [0, 31, 37, 7, 28, 27, 25, 39, 4, 5, 20, 19, 0], "score": 79, "duration": 60, "elap_time": 3.679034471511841}, "LSMG2opt": {"path": [0, 16, 30, 9, 5, 4, 20, 7, 28, 27, 39, 25, 37, 31, 0], "score": 93, "duration": 60, "elap_time": 4.427140951156616}, "LSNN2opt": {"path": [0, 19, 32, 7, 28, 27, 25, 4, 5, 30, 9, 37, 31, 39, 38, 0], "score": 93, "duration": 60, "elap_time": 7.657811880111694}, "LSMI2opt": {"path": [0, 38, 31, 37, 9, 30, 5, 4, 39, 25, 27, 28, 26, 7, 20, 19, 0], "score": 100, "duration": 60, "elap_time": 5.3100526332855225}, "TSLS": {"path": [0, 38, 31, 37, 9, 30, 5, 4, 39, 25, 27, 28, 26, 7, 20, 19, 0], "score": 100, "duration": 60, "elap_time": 48.18614435195923}, "TSLSINT": {"path": [0, 38, 31, 37, 9, 30, 5, 4, 39, 25, 27, 28, 26, 7, 20, 19, 0], "score": 100, "duration": 60, "elap_time": 93.13815689086914}, "Grasp": {"path": [0, 38, 31, 37, 9, 30, 5, 4, 39, 25, 27, 28, 26, 7, 20, 19, 0], "score": 100, "duration": 60, "elap_time": 58.148091554641724}}, "1": {"GreedyMaxGrad": {"path": [1, 5, 20, 4, 7, 19, 27, 28, 25, 1], "score": 63, "duration": 59, "elap_time": 0.0013544559478759766}, "GreedyNearNeigh": {"path": [1, 28, 7, 26, 27, 25, 4, 37, 31, 39, 42, 5, 30, 9, 6, 8, 14, 1], "score": 104, "duration": 59, "elap_time": 0.0032401084899902344}, "GreedyMaxIns": {"path": [1, 32, 28, 26, 7, 27, 25, 39, 31, 16, 30, 9, 37, 4, 5, 20, 1], "score": 103, "duration": 56, "elap_time": 0.3004450798034668}, "GreedyIndIns": {"path": [1, 28, 27, 25, 37, 4, 49, 48, 47, 30, 5, 1], "score": 63, "duration": 60, "elap_time": 0.11148715019226074}, "GreedyRand": {"path": [1, 20, 7, 6, 28, 5, 39, 25, 27, 1], "score": 60, "duration": 58, "elap_time": 0.010818243026733398}, "LSMGSwap": {"path": [1, 26, 7, 20, 4, 39, 31, 37, 5, 9, 30, 16, 19, 32, 28, 27, 25, 1], "score": 111, "duration": 60, "elap_time": 7.249545097351074}, "LSNNSwap": {"path": [1, 28, 7, 26, 27, 25, 4, 37, 31, 39, 42, 5, 30, 9, 6, 8, 14, 20, 1], "score": 113, "duration": 60, "elap_time": 9.4812753200531}, "LSMISwap": {"path": [1, 28, 26, 7, 27, 25, 39, 31, 16, 30, 9, 6, 8, 5, 42, 37, 4, 20, 1], "score": 114, "duration": 58, "elap_time": 12.019269227981567}, "LSMG2opt": {"path": [1, 28, 25, 39, 31, 37, 9, 30, 5, 4, 27, 19, 32, 33, 41, 34, 26, 7, 20, 1], "score": 117, "duration": 60, "elap_time": 10.7151198387146}, "LSNN2opt": {"path": [1, 28, 7, 26, 27, 25, 4, 37, 31, 39, 42, 5, 30, 9, 6, 8, 14, 20, 1], "score": 113, "duration": 60, "elap_time": 10.162768602371216}, "LSMI2opt": {"path": [1, 26, 7, 27, 25, 39, 31, 16, 30, 9, 5, 42, 37, 4, 28, 32, 33, 41, 34, 20, 1], "score": 120, "duration": 60, "elap_time": 10.660428285598755}, "TSLS": {"path": [1, 26, 7, 27, 25, 39, 31, 16, 30, 9, 5, 42, 37, 4, 28, 32, 33, 41, 34, 20, 1], "score": 120, "duration": 60, "elap_time": 133.81013441085815}, "TSLSINT": {"path": [1, 28, 27, 25, 39, 42, 5, 30, 9, 37, 4, 20, 7, 26, 34, 11, 10, 36, 22, 33, 41, 32, 1], "score": 128, "duration": 60, "elap_time": 246.90156388282776}, "Grasp": {"path": [1, 20, 7, 26, 34, 11, 45, 8, 6, 9, 30, 5, 42, 37, 31, 39, 25, 4, 27, 28, 1], "score": 123, "duration": 60, "elap_time": 122.15399193763733}}, "2": {"GreedyMaxGrad": {"path": [2, 5, 20, 4, 7, 27, 16, 9, 2], "score": 57, "duration": 55, "elap_time": 0.0012328624725341797}, "GreedyNearNeigh": {"path": [2, 43, 9, 5, 30, 37, 4, 25, 27, 28, 7, 26, 34, 20, 39, 31, 42, 2], "score": 105, "duration": 57, "elap_time": 0.0029592514038085938}, "GreedyMaxIns": {"path": [2, 39, 25, 28, 27, 26, 7, 37, 4, 5, 9, 30, 16, 20, 2], "score": 90, "duration": 59, "elap_time": 0.21074199676513672}, "GreedyIndIns": {"path": [2, 9, 30, 5, 23, 49, 48, 47, 2], "score": 41, "duration": 60, "elap_time": 0.05001258850097656}, "GreedyRand": {"path": [2, 6, 27, 20, 39, 25, 4, 2], "score": 43, "duration": 59, "elap_time": 0.006445884704589844}, "LSMGSwap": {"path": [2, 30, 5, 20, 4, 37, 25, 28, 26, 7, 27, 39, 31, 16, 9, 2], "score": 97, "duration": 59, "elap_time": 8.248029708862305}, "LSNNSwap": {"path": [2, 43, 9, 5, 30, 37, 4, 25, 27, 28, 7, 26, 34, 20, 39, 31, 42, 2], "score": 105, "duration": 57, "elap_time": 12.6888267993927}, "LSMISwap": {"path": [2, 39, 25, 27, 28, 26, 7, 20, 4, 5, 9, 30, 16, 31, 37, 42, 43, 2], "score": 107, "duration": 59, "elap_time": 6.452978134155273}, "LSMG2opt": {"path": [2, 43, 16, 31, 39, 25, 28, 7, 26, 27, 37, 4, 20, 5, 30, 9, 2], "score": 104, "duration": 60, "elap_time": 6.744398832321167}, "LSNN2opt": {"path": [2, 43, 6, 9, 5, 30, 37, 4, 20, 34, 26, 7, 28, 27, 25, 39, 31, 42, 2], "score": 112, "duration": 60, "elap_time": 7.1039488315582275}, "LSMI2opt": {"path": [2, 39, 25, 28, 27, 26, 34, 7, 20, 4, 37, 31, 16, 30, 9, 5, 43, 2], "score": 110, "duration": 58, "elap_time": 10.087668895721436}, "TSLS": {"path": [2, 43, 6, 9, 5, 30, 37, 4, 20, 34, 26, 7, 28, 27, 25, 39, 31, 42, 2], "score": 112, "duration": 60, "elap_time": 89.74645447731018}, "TSLSINT": {"path": [2, 9, 30, 5, 42, 37, 31, 4, 20, 34, 36, 22, 10, 33, 32, 26, 7, 28, 27, 25, 39, 2], "score": 124, "duration": 60, "elap_time": 172.67151021957397}, "Grasp": {"path": [2, 43, 6, 8, 14, 9, 30, 5, 31, 37, 4, 20, 7, 26, 28, 27, 25, 39, 2], "score": 117, "duration": 60, "elap_time": 91.99055242538452}}, "3": {"GreedyMaxGrad": {"path": [3, 5, 4, 28, 7, 26, 3], "score": 37, "duration": 59, "elap_time": 0.0008656978607177734}, "GreedyNearNeigh": {"path": [3, 19, 32, 28, 7, 26, 27, 25, 4, 37, 31, 3], "score": 65, "duration": 57, "elap_time": 0.0017383098602294922}, "GreedyMaxIns": {"path": [3, 5, 37, 4, 20, 7, 26, 3], "score": 41, "duration": 60, "elap_time": 0.03658723831176758}, "GreedyIndIns": {"path": [3, 49, 3], "score": 2, "duration": 58, "elap_time": 0.0021882057189941406}, "GreedyRand": {"path": [3, 4, 28, 26, 7, 41, 32, 3], "score": 38, "duration": 58, "elap_time": 0.005359649658203125}, "LSMGSwap": {"path": [3, 30, 5, 37, 4, 25, 27, 28, 7, 26, 41, 3], "score": 64, "duration": 60, "elap_time": 2.0578715801239014}, "LSNNSwap": {"path": [3, 19, 32, 28, 7, 26, 27, 39, 25, 4, 37, 31, 3], "score": 71, "duration": 60, "elap_time": 3.4387354850769043}, "LSMISwap": {"path": [3, 5, 37, 4, 20, 7, 26, 3], "score": 41, "duration": 60, "elap_time": 0.42789340019226074}, "LSMG2opt": {"path": [3, 30, 5, 37, 4, 25, 27, 28, 7, 26, 41, 3], "score": 64, "duration": 60, "elap_time": 2.0525686740875244}, "LSNN2opt": {"path": [3, 19, 32, 28, 7, 26, 27, 39, 25, 4, 37, 31, 3], "score": 71, "duration": 60, "elap_time": 3.4416744709014893}, "LSMI2opt": {"path": [3, 5, 37, 4, 20, 7, 26, 3], "score": 41, "duration": 60, "elap_time": 0.4277377128601074}, "TSLS": {"path": [3, 19, 32, 28, 7, 26, 27, 39, 25, 4, 37, 31, 3], "score": 71, "duration": 60, "elap_time": 15.644913673400879}, "TSLSINT": {"path": [3, 19, 26, 7, 20, 4, 37, 31, 39, 25, 27, 28, 32, 41, 3], "score": 84, "duration": 60, "elap_time": 40.96243667602539}, "Grasp": {"path": [3, 19, 26, 7, 20, 4, 37, 31, 39, 25, 27, 28, 32, 41, 3], "score": 84, "duration": 60, "elap_time": 15.726089000701904}}}