{"0": {"GreedyMaxGrad": {"path": [0, 5, 20, 4, 7, 16, 19, 0], "score": 50, "duration": 87, "elap_time": 0.001520395278930664}, "GreedyNearNeigh": {"path": [0, 17, 19, 32, 28, 7, 26, 27, 25, 4, 37, 31, 39, 42, 5, 30, 9, 6, 8, 0], "score": 116, "duration": 87, "elap_time": 0.004658222198486328}, "GreedyMaxIns": {"path": [0, 19, 32, 28, 25, 39, 31, 16, 27, 26, 7, 37, 4, 5, 20, 0], "score": 97, "duration": 89, "elap_time": 0.34615039825439453}, "GreedyIndIns": {"path": [0, 31, 37, 9, 5, 4, 47, 50, 49, 48, 24, 0], "score": 60, "duration": 90, "elap_time": 0.11960792541503906}, "GreedyRand": {"path": [0, 18, 13, 20, 1, 28, 25, 39, 38, 0], "score": 45, "duration": 89, "elap_time": 0.008973836898803711}, "LSMGSwap": {"path": [0, 31, 39, 11, 34, 20, 7, 26, 32, 28, 27, 25, 4, 37, 5, 9, 30, 16, 19, 0], "score": 124, "duration": 90, "elap_time": 8.561024188995361}, "LSNNSwap": {"path": [0, 19, 20, 32, 28, 7, 26, 27, 25, 4, 37, 31, 39, 42, 5, 30, 9, 6, 8, 0], "score": 120, "duration": 90, "elap_time": 11.48722791671753}, "LSMISwap": {"path": [0, 19, 32, 28, 25, 39, 4, 37, 27, 34, 26, 7, 20, 16, 30, 9, 5, 31, 38, 0], "score": 120, "duration": 90, "elap_time": 9.216742277145386}, "LSMG2opt": {"path": [0, 31, 16, 30, 9, 6, 8, 5, 37, 27, 25, 39, 4, 20, 7, 26, 28, 32, 19, 0], "score": 125, "duration": 90, "elap_time": 8.677113771438599}, "LSNN2opt": {"path": [0, 40, 19, 32, 28, 7, 26, 27, 25, 4, 37, 31, 39, 14, 8, 6, 9, 30, 5, 38, 0], "score": 123, "duration": 90, "elap_time": 13.724994897842407}, "LSMI2opt": {"path": [0, 40, 19, 32, 28, 25, 39, 31, 16, 30, 9, 5, 42, 37, 4, 27, 26, 34, 7, 20, 0], "score": 125, "duration": 90, "elap_time": 12.721936225891113}, "TSLS": {"path": [0, 31, 16, 30, 9, 6, 8, 5, 37, 27, 25, 39, 4, 20, 7, 26, 28, 32, 19, 0], "score": 125, "duration": 90, "elap_time": 193.05626153945923}, "TSLSINT": {"path": [0, 40, 19, 32, 33, 22, 10, 36, 34, 26, 7, 28, 27, 25, 39, 31, 37, 4, 5, 9, 30, 16, 17, 0], "score": 138, "duration": 89, "elap_time": 244.7198429107666}, "Grasp": {"path": [0, 19, 20, 7, 26, 34, 11, 10, 22, 33, 32, 28, 27, 25, 39, 4, 37, 5, 9, 30, 16, 17, 0], "score": 138, "duration": 90, "elap_time": 140.7741198539734}}, "1": {"GreedyMaxGrad": {"path": [1, 5, 20, 4, 7, 16, 19, 27, 28, 32, 26, 1], "score": 76, "duration": 87, "elap_time": 0.0016522407531738281}, "GreedyNearNeigh": {"path": [1, 28, 7, 26, 27, 25, 4, 37, 31, 39, 42, 5, 30, 9, 6, 8, 14, 44, 45, 11, 10, 22, 33, 32, 41, 1], "score": 147, "duration": 86, "elap_time": 0.004359006881713867}, "GreedyMaxIns": {"path": [1, 28, 27, 32, 19, 16, 30, 9, 6, 8, 34, 26, 7, 25, 39, 4, 37, 5, 20, 1], "score": 124, "duration": 89, "elap_time": 0.4633805751800537}, "GreedyIndIns": {"path": [1, 28, 26, 7, 20, 5, 9, 37, 4, 47, 50, 49, 48, 24, 1], "score": 82, "duration": 90, "elap_time": 0.20633316040039062}, "GreedyRand": {"path": [1, 4, 20, 9, 27, 6, 7, 34, 32, 26, 28, 1], "score": 71, "duration": 89, "elap_time": 0.016300201416015625}, "LSMGSwap": {"path": [1, 7, 20, 4, 37, 5, 9, 30, 16, 19, 27, 28, 32, 33, 10, 22, 18, 36, 34, 26, 1], "score": 127, "duration": 90, "elap_time": 8.186810970306396}, "LSNNSwap": {"path": [1, 26, 7, 28, 27, 25, 4, 37, 31, 39, 42, 5, 30, 9, 43, 6, 8, 14, 11, 10, 22, 33, 32, 41, 34, 20, 1], "score": 159, "duration": 89, "elap_time": 25.16714096069336}, "LSMISwap": {"path": [1, 28, 7, 32, 19, 16, 30, 9, 6, 8, 34, 26, 27, 25, 39, 4, 37, 42, 5, 20, 1], "score": 127, "duration": 90, "elap_time": 6.5688676834106445}, "LSMG2opt": {"path": [1, 20, 34, 7, 28, 32, 41, 19, 16, 30, 9, 6, 8, 5, 42, 31, 37, 4, 39, 25, 27, 26, 1], "score": 138, "duration": 90, "elap_time": 20.840519666671753}, "LSNN2opt": {"path": [1, 28, 27, 25, 4, 37, 31, 39, 42, 5, 30, 9, 6, 8, 14, 43, 45, 11, 10, 22, 33, 32, 41, 34, 26, 7, 20, 1], "score": 163, "duration": 90, "elap_time": 20.168115377426147}, "LSMI2opt": {"path": [1, 28, 27, 25, 39, 4, 37, 31, 16, 30, 5, 9, 6, 8, 34, 26, 7, 41, 22, 33, 32, 19, 20, 1], "score": 145, "duration": 89, "elap_time": 19.15199375152588}, "TSLS": {"path": [1, 28, 27, 25, 4, 37, 31, 39, 42, 5, 30, 9, 6, 8, 14, 43, 45, 11, 10, 22, 33, 32, 41, 34, 26, 7, 20, 1], "score": 163, "duration": 90, "elap_time": 326.8226978778839}, "TSLSINT": {"path": [1, 28, 27, 25, 4, 37, 31, 39, 42, 5, 30, 9, 6, 8, 14, 43, 45, 11, 10, 22, 33, 32, 41, 34, 26, 7, 20, 1], "score": 163, "duration": 90, "elap_time": 442.58607816696167}, "Grasp": {"path": [1, 20, 7, 26, 34, 41, 32, 33, 18, 36, 22, 10, 11, 45, 8, 6, 9, 30, 5, 4, 37, 31, 39, 25, 27, 28, 1], "score": 158, "duration": 90, "elap_time": 235.18684005737305}}, "2": {"GreedyMaxGrad": {"path": [2, 5, 20, 4, 7, 16, 27, 28, 8, 9, 2], "score": 72, "duration": 89, "elap_time": 0.0015447139739990234}, "GreedyNearNeigh": {"path": [2, 43, 9, 5, 30, 37, 4, 25, 27, 28, 7, 26, 34, 20, 39, 31, 38, 42, 11, 29, 2], "score": 119, "duration": 89, "elap_time": 0.0037865638732910156}, "GreedyMaxIns": {"path": [2, 25, 39, 28, 27, 37, 31, 16, 19, 32, 41, 26, 7, 4, 5, 20, 2], "score": 101, "duration": 90, "elap_time": 0.3088655471801758}, "GreedyIndIns": {"path": [2, 9, 30, 5, 37, 4, 47, 15, 50, 49, 48, 24, 23, 2], "score": 70, "duration": 90, "elap_time": 0.1715540885925293}, "GreedyRand": {"path": [2, 4, 16, 9, 8, 28, 11, 45, 43, 2], "score": 56, "duration": 89, "elap_time": 0.011937856674194336}, "LSMGSwap": {"path": [2, 25, 28, 26, 7, 20, 4, 37, 42, 5, 30, 16, 19, 32, 27, 39, 8, 6, 9, 2], "score": 121, "duration": 90, "elap_time": 8.003458499908447}, "LSNNSwap": {"path": [2, 43, 6, 8, 9, 5, 30, 37, 4, 25, 27, 28, 7, 26, 34, 20, 39, 31, 42, 11, 45, 2], "score": 130, "duration": 90, "elap_time": 15.493731021881104}, "LSMISwap": {"path": [2, 39, 25, 28, 27, 37, 31, 16, 19, 32, 41, 34, 26, 7, 20, 4, 5, 30, 9, 6, 43, 2], "score": 135, "duration": 89, "elap_time": 13.766151189804077}, "LSMG2opt": {"path": [2, 43, 6, 8, 34, 26, 7, 20, 4, 37, 31, 39, 25, 27, 28, 32, 19, 16, 5, 30, 9, 2], "score": 138, "duration": 90, "elap_time": 11.236161470413208}, "LSNN2opt": {"path": [2, 43, 6, 9, 30, 5, 42, 25, 27, 28, 41, 22, 10, 33, 32, 7, 26, 34, 20, 4, 37, 31, 39, 11, 45, 2], "score": 149, "duration": 90, "elap_time": 20.964260816574097}, "LSMI2opt": {"path": [2, 39, 31, 37, 4, 25, 28, 27, 7, 26, 34, 41, 32, 19, 40, 16, 9, 30, 5, 20, 2], "score": 126, "duration": 90, "elap_time": 14.773222923278809}, "TSLS": {"path": [2, 43, 6, 9, 30, 5, 42, 25, 27, 28, 41, 22, 10, 33, 32, 7, 26, 34, 20, 4, 37, 31, 39, 11, 45, 2], "score": 149, "duration": 90, "elap_time": 321.99653148651123}, "TSLSINT": {"path": [2, 43, 6, 9, 30, 5, 42, 25, 27, 28, 41, 22, 10, 33, 32, 7, 26, 34, 20, 4, 37, 31, 39, 11, 45, 2], "score": 149, "duration": 90, "elap_time": 364.82347440719604}, "Grasp": {"path": [2, 39, 31, 37, 4, 20, 7, 26, 34, 11, 10, 36, 18, 22, 33, 32, 28, 27, 25, 5, 30, 9, 6, 43, 2], "score": 150, "duration": 90, "elap_time": 205.74511647224426}}, "3": {"GreedyMaxGrad": {"path": [3, 5, 20, 4, 7, 19, 40, 3], "score": 47, "duration": 86, "elap_time": 0.0010619163513183594}, "GreedyNearNeigh": {"path": [3, 19, 32, 28, 7, 26, 27, 25, 4, 37, 31, 39, 42, 5, 30, 9, 6, 3], "score": 104, "duration": 89, "elap_time": 0.003060579299926758}, "GreedyMaxIns": {"path": [3, 41, 32, 28, 26, 7, 27, 25, 37, 4, 9, 30, 16, 5, 20, 19, 3], "score": 102, "duration": 90, "elap_time": 0.2943449020385742}, "GreedyIndIns": {"path": [3, 15, 50, 49, 47, 48, 17, 3], "score": 33, "duration": 90, "elap_time": 0.03628849983215332}, "GreedyRand": {"path": [3, 27, 19, 28, 16, 3], "score": 32, "duration": 88, "elap_time": 0.004844188690185547}, "LSMGSwap": {"path": [3, 40, 16, 30, 9, 5, 20, 4, 37, 31, 39, 25, 27, 26, 7, 28, 32, 19, 3], "score": 116, "duration": 89, "elap_time": 8.912444829940796}, "LSNNSwap": {"path": [3, 19, 32, 28, 7, 26, 27, 25, 4, 37, 31, 39, 5, 30, 9, 6, 8, 3], "score": 108, "duration": 90, "elap_time": 7.460663795471191}, "LSMISwap": {"path": [3, 41, 32, 28, 26, 7, 27, 39, 25, 37, 5, 9, 30, 16, 31, 4, 20, 19, 3], "score": 115, "duration": 90, "elap_time": 7.790833473205566},