{"0": {"GreedyMaxGrad": {"path": [0, 2, 3, 4, 5, 6, 7, 8, 9, 10, 17, 18, 26, 34, 42, 35, 0], "score": 515, "duration": 79.88533821393476, "elap_time": 0.0043675899505615234}, "GreedyNearNeigh": {"path": [0, 29, 21, 13, 5, 4, 3, 2, 10, 11, 12, 20, 19, 18, 26, 27, 28, 36, 35, 34, 42, 43, 44, 45, 37, 38, 30, 22, 14, 6, 7, 8, 9, 17, 16, 15, 23, 24, 31, 0], "score": 920, "duration": 78.98784237864518, "elap_time": 0.012079477310180664}, "GreedyMaxIns": {"path": [0, 34, 26, 18, 10, 21, 33, 25, 17, 9, 8, 7, 6, 5, 4, 3, 2, 11, 30, 49, 57, 65, 64, 38, 0], "score": 715, "duration": 79.99418751847237, "elap_time": 1.4673449993133545}, "GreedyIndIns": {"path": [0, 30, 23, 16, 15, 14, 13, 12, 11, 10, 19, 20, 21, 22, 17, 9, 8, 7, 6, 5, 4, 3, 2, 29, 38, 47, 56, 65, 0], "score": 675, "duration": 79.98600282089014, "elap_time": 1.89432954788208}, "GreedyRand": {"path": [0, 4, 9, 10, 3, 18, 7, 8, 6, 42, 35, 43, 44, 37, 1, 0], "score": 385, "duration": 79.95307556249188, "elap_time": 0.040160179138183594}, "LSMGSwap": {"path": [0, 46, 54, 61, 62, 63, 64, 65, 57, 49, 41, 33, 25, 17, 9, 8, 7, 6, 5, 4, 3, 2, 10, 11, 19, 18, 26, 34, 43, 60, 59, 58, 50, 42, 35, 36, 0], "score": 1135, "duration": 79.95157424012808, "elap_time": 110.35929679870605}, "LSNNSwap": {"path": [0, 21, 13, 5, 4, 3, 2, 10, 11, 12, 20, 19, 18, 26, 27, 28, 36, 35, 34, 42, 43, 44, 45, 46, 38, 30, 22, 14, 6, 7, 8, 9, 17, 16, 15, 23, 24, 32, 31, 0], "score": 950, "duration": 79.73396366871637, "elap_time": 98.9638729095459}, "LSMISwap": {"path": [0, 36, 35, 34, 26, 18, 19, 20, 21, 22, 32, 33, 25, 17, 9, 8, 7, 6, 5, 4, 3, 2, 10, 11, 12, 31, 40, 49, 57, 65, 64, 55, 46, 0], "score": 930, "duration": 79.99110391580224, "elap_time": 74.91004300117493}, "LSMG2opt": {"path": [0, 36, 43, 42, 50, 58, 59, 60, 61, 62, 63, 64, 65, 57, 49, 48, 41, 33, 25, 17, 9, 8, 7, 6, 5, 13, 12, 4, 11, 3, 2, 10, 18, 26, 34, 35, 28, 29, 0], "score": 1165, "duration": 79.78584445398434, "elap_time": 129.9153380393982}, "LSNN2opt": {"path": [0, 21, 13, 5, 4, 3, 2, 10, 11, 12, 20, 19, 18, 26, 27, 28, 36, 35, 34, 42, 43, 44, 45, 46, 47, 48, 40, 32, 24, 23, 15, 16, 17, 9, 8, 7, 6, 14, 22, 30, 0], "score": 995, "duration": 79.81061639231716, "elap_time": 129.0565025806427}, "LSMI2opt": {"path": [0, 29, 21, 13, 12, 11, 19, 27, 35, 43, 50, 42, 34, 26, 18, 10, 2, 3, 4, 5, 6, 7, 8, 9, 17, 25, 33, 32, 40, 41, 49, 57, 65, 64, 63, 62, 61, 53, 45, 37, 0], "score": 1165, "duration": 79.74923675122808, "elap_time": 119.73437309265137}, "TSLS": {"path": [0, 36, 43, 42, 50, 58, 59, 60, 61, 62, 63, 64, 65, 57, 49, 48, 41, 33, 25, 17, 9, 8, 7, 6, 5, 13, 12, 4, 11, 3, 2, 10, 18, 26, 34, 35, 28, 29, 0], "score": 1165, "duration": 79.78584445398434, "elap_time": 1023.5189433097839}, "TSLSINT": {"path": [0, 22, 23, 15, 14, 13, 12, 11, 10, 2, 3, 4, 5, 6, 7, 8, 9, 17, 25, 33, 41, 49, 57, 65, 64, 63, 62, 61, 60, 59, 58, 50, 42, 34, 26, 18, 19, 27, 28, 29, 0], "score": 1205, "duration": 79.81061639231716, "elap_time": 1401.7067682743073}, "Grasp": {"path": [0, 30, 31, 32, 33, 41, 49, 57, 65, 64, 63, 62, 61, 60, 59, 58, 50, 42, 34, 26, 18, 19, 11, 10, 2, 3, 4, 5, 6, 7, 8, 9, 17, 25, 24, 16, 15, 14, 13, 21, 0], "score": 1215, "duration": 79.81061639231714, "elap_time": 2310.725910425186}}, "1": {"GreedyMaxGrad": {"path": [1, 2, 3, 4, 5, 6, 7, 8, 9, 10, 17, 18, 26, 34, 42, 37, 1], "score": 495, "duration": 79.98600282089015, "elap_time": 0.003175497055053711}, "GreedyNearNeigh": {"path": [1, 37, 29, 21, 13, 5, 4, 3, 2, 10, 11, 12, 20, 19, 18, 26, 27, 28, 36, 35, 34, 42, 43, 44, 45, 46, 38, 30, 22, 14, 6, 7, 8, 9, 17, 16, 15, 23, 31, 1], "score": 910, "duration": 78.47213595499957, "elap_time": 0.008941650390625}, "GreedyMaxIns": {"path": [1, 36, 35, 34, 26, 18, 10, 11, 32, 41, 33, 25, 17, 9, 8, 7, 6, 5, 4, 3, 2, 20, 29, 38, 47, 56, 65, 1], "score": 750, "duration": 79.99161446465904, "elap_time": 1.771265983581543}, "GreedyIndIns": {"path": [1, 30, 23, 16, 15, 14, 13, 12, 11, 10, 19, 20, 21, 22, 17, 9, 8, 7, 6, 5, 4, 3, 2, 29, 38, 47, 56, 65, 1], "score": 675, "duration": 79.96408879280204, "elap_time": 1.9490923881530762}, "GreedyRand": {"path": [1, 2, 17, 6, 3, 8, 7, 41, 34, 28, 29, 1], "score": 300, "duration": 79.94501671114006, "elap_time": 0.03894925117492676}, "LSMGSwap": {"path": [1, 46, 54, 62, 63, 64, 65, 57, 49, 41, 33, 25, 17, 9, 8, 7, 6, 5, 4, 3, 2, 10, 11, 19, 18, 26, 34, 35, 43, 52, 61, 60, 59, 58, 50, 42, 36, 37, 1], "score": 1165, "duration": 79.9396065968091, "elap_time": 126.11609673500061}, "LSNNSwap": {"path": [1, 29, 21, 13, 5, 4, 3, 2, 10, 11, 19, 18, 26, 27, 35, 34, 42, 43, 44, 45, 38, 30, 22, 14, 6, 7, 8, 9, 17, 25, 33, 41, 40, 32, 24, 16, 15, 23, 31, 1], "score": 1000, "duration": 79.98530472872787, "elap_time": 131.48919939994812}, "LSMISwap": {"path": [1, 37, 36, 35, 34, 26, 18, 10, 2, 12, 22, 32, 41, 33, 25, 17, 9, 8, 7, 6, 5, 4, 3, 11, 20, 29, 38, 47, 56, 65, 1], "score": 795, "duration": 79.88591831424336, "elap_time": 53.422890186309814}, "LSMG2opt": {"path": [1, 29, 28, 27, 26, 18, 19, 12, 11, 10, 2, 3, 4, 5, 6, 7, 8, 9, 17, 25, 33, 41, 49, 57, 65, 64, 63, 62, 61, 60, 59, 58, 50, 51, 43, 42, 34, 35, 36, 37, 1], "score": 1195, "duration": 79.74923675122808, "elap_time": 136.07681584358215}, "LSNN2opt": {"path": [1, 29, 21, 13, 5, 4, 3, 2, 10, 11, 12, 20, 19, 18, 26, 27, 28, 36, 35, 34, 42, 43, 44, 45, 46, 47, 39, 31, 23, 15, 16, 17, 9, 8, 7, 6, 14, 22, 30, 38, 1], "score": 935, "duration": 78.9208096264819, "elap_time": 97.97766852378845}, "LSMI2opt": {"path": [1, 29, 20, 12, 11, 19, 27, 35, 43, 51, 50, 42, 34, 26, 18, 10, 2, 3, 4, 5, 6, 7, 8, 9, 17, 25, 33, 41, 49, 57, 65, 64, 63, 55, 56, 48, 40, 32, 31, 1], "score": 1140, "duration": 79.98530472872787, "elap_time": 121.17021369934082}, "TSLS": {"path": [1, 29, 28, 27, 26, 18, 19, 12, 11, 10, 2, 3, 4, 5, 6, 7, 8, 9, 17, 25, 33, 41, 49, 57, 65, 64, 63, 62, 61, 60, 59, 58, 50, 51, 43, 42, 34, 35, 36, 37, 1], "score": 1195, "duration": 79.74923675122808, "elap_time": 1093.8631620407104}, "TSLSINT": {"path": [1, 38, 39, 40, 41, 33, 25, 17, 9, 8, 7, 6, 5, 4, 12, 11, 3, 2, 10, 18, 26, 34, 42, 50, 58, 59, 60, 61, 62, 63, 64, 65, 57, 49, 48, 56, 55, 54, 53, 45, 1], "score": 1215, "duration": 79.81061639231714, "elap_time": 1350.3244366645813}, "Grasp": {"path": [1, 46, 54, 62, 63, 64, 65, 57, 49, 41, 33, 25, 17, 9, 8, 7, 15, 14, 6, 5, 13, 12, 4, 3, 2, 10, 11, 19, 18, 26, 34, 42, 50, 58, 59, 60, 61, 53, 45, 37, 1], "score": 1215, "duration": 79.81061639231716, "elap_time": 2438.9952256679535}}}