{"0": {"GreedyMaxGrad": {"path": [0, 29, 36, 22, 30, 37, 16, 11, 7, 4, 2, 0], "score": 282, "duration": 49.99967234379699, "elap_time": 0.0027954578399658203}, "GreedyNearNeigh": {"path": [0, 2, 4, 7, 11, 16, 22, 29, 37, 30, 23, 17, 12, 8, 5, 3, 6, 9, 13, 18, 24, 31, 38, 44, 50, 45, 39, 32, 25, 19, 14, 10, 0], "score": 672, "duration": 48.08326112068522, "elap_time": 0.010010957717895508}, "GreedyMaxIns": {"path": [0, 35, 28, 30, 37, 22, 29, 23, 36, 21, 15, 10, 6, 3, 0], "score": 384, "duration": 49.99746058531647, "elap_time": 0.3977329730987549}, "GreedyIndIns": {"path": [0, 10, 9, 8, 7, 6, 5, 4, 3, 2, 13, 25, 40, 52, 63, 57, 47, 33, 19, 0], "score": 240, "duration": 49.92751269480999, "elap_time": 0.6617145538330078}, "GreedyRand": {"path": [0, 29, 23, 37, 43, 34, 22, 16, 4, 2, 0], "score": 258, "duration": 48.59314389407059, "elap_time": 0.020976781845092773}, "LSMGSwap": {"path": [0, 3, 6, 10, 15, 21, 27, 42, 49, 43, 36, 28, 35, 34, 26, 33, 32, 24, 31, 38, 39, 45, 44, 37, 29, 22, 30, 23, 16, 11, 7, 4, 2, 0], "score": 864, "duration": 49.59797974644664, "elap_time": 95.51302981376648}, "LSNNSwap": {"path": [0, 2, 4, 7, 11, 16, 22, 29, 37, 30, 23, 17, 24, 31, 38, 44, 50, 45, 39, 32, 33, 26, 34, 42, 27, 35, 43, 36, 28, 21, 15, 10, 6, 3, 0], "score": 882, "duration": 49.25483399593902, "elap_time": 134.33432865142822}, "LSMISwap": {"path": [0, 14, 20, 27, 35, 26, 25, 32, 31, 38, 30, 37, 29, 22, 16, 23, 24, 33, 34, 42, 49, 43, 36, 28, 21, 15, 10, 6, 3, 0], "score": 786, "duration": 49.90938964754441, "elap_time": 55.29996061325073}, "LSMG2opt": {"path": [0, 3, 6, 10, 15, 21, 27, 34, 35, 28, 36, 43, 49, 42, 41, 33, 32, 39, 45, 38, 44, 37, 29, 22, 30, 23, 31, 17, 16, 11, 7, 4, 2, 0], "score": 864, "duration": 49.59797974644665, "elap_time": 100.51338148117065}, "LSNN2opt": {"path": [0, 2, 4, 7, 11, 16, 22, 29, 37, 30, 23, 17, 12, 19, 14, 10, 15, 20, 26, 33, 25, 32, 39, 45, 50, 44, 38, 31, 24, 18, 13, 9, 6, 3, 0], "score": 750, "duration": 49.831325218480494, "elap_time": 115.37617111206055}, "LSMI2opt": {"path": [0, 2, 4, 7, 11, 17, 23, 16, 22, 29, 37, 44, 30, 38, 31, 24, 32, 25, 33, 26, 20, 27, 34, 42, 49, 43, 36, 28, 35, 21, 15, 10, 6, 3, 0], "score": 882, "duration": 49.25483399593902, "elap_time": 91.16860580444336}, "TSLS": {"path": [0, 2, 4, 7, 11, 16, 22, 29, 37, 30, 23, 17, 24, 31, 38, 44, 50, 45, 39, 32, 33, 26, 34, 42, 27, 35, 43, 36, 28, 21, 15, 10, 6, 3, 0], "score": 882, "duration": 49.25483399593902, "elap_time": 803.5020604133606}, "TSLSINT": {"path": [0, 9, 14, 20, 15, 21, 27, 35, 28, 36, 43, 49, 42, 34, 26, 33, 25, 32, 24, 31, 38, 44, 37, 29, 22, 30, 23, 16, 11, 17, 12, 7, 4, 2, 0], "score": 894, "duration": 49.831325218480494, "elap_time": 1100.4875929355621}, "Grasp": {"path": [0, 2, 4, 7, 12, 17, 11, 16, 23, 30, 22, 29, 37, 44, 38, 31, 24, 32, 25, 33, 26, 34, 27, 35, 42, 49, 43, 36, 28, 21, 15, 20, 14, 9, 0], "score": 894, "duration": 49.8313252184805, "elap_time": 1281.2138707637787}}, "1": {"GreedyMaxGrad": {"path": [1, 29, 36, 22, 30, 37, 38, 45, 51, 56, 60, 1], "score": 282, "duration": 49.42318112125552, "elap_time": 0.0020291805267333984}, "GreedyNearNeigh": {"path": [1, 62, 59, 55, 50, 44, 37, 29, 22, 16, 11, 7, 4, 2, 5, 3, 6, 9, 13, 8, 12, 17, 23, 30, 38, 31, 24, 18, 25, 32, 39, 45, 51, 56, 1], "score": 684, "duration": 49.8313252184805, "elap_time": 0.007706165313720703}, "GreedyMaxIns": {"path": [1, 35, 28, 30, 37, 22, 29, 23, 36, 43, 49, 54, 58, 61, 63, 1], "score": 420, "duration": 49.99746058531646, "elap_time": 0.35907936096191406}, "GreedyIndIns": {"path": [1, 60, 52, 40, 25, 13, 10, 9, 8, 12, 11, 7, 6, 5, 4, 3, 2, 18, 32, 63, 1], "score": 258, "duration": 49.99077084138558, "elap_time": 0.7435572147369385}, "GreedyRand": {"path": [1, 22, 37, 35, 16, 31, 34, 53, 63, 1], "score": 222, "duration": 49.810596051828874, "elap_time": 0.01803112030029297}, "LSMGSwap": {"path": [1, 63, 61, 58, 54, 49, 42, 34, 27, 35, 43, 36, 28, 21, 15, 20, 26, 33, 25, 32, 24, 31, 23, 16, 22, 29, 30, 37, 44, 38, 45, 51, 56, 60, 1], "score": 882, "duration": 49.25483399593903, "elap_time": 90.1066312789917}, "LSNNSwap": {"path": [1, 62, 59, 55, 50, 44, 37, 29, 22, 16, 11, 7, 4, 2, 5, 3, 6, 9, 13, 8, 12, 17, 23, 30, 38, 31, 24, 18, 25, 32, 39, 45, 51, 56, 1], "score": 684, "duration": 49.8313252184805, "elap_time": 63.382092237472534}, "LSMISwap": {"path": [1, 48, 42, 36, 28, 21, 27, 26, 32, 31, 30, 37, 29, 22, 16, 23, 24, 33, 34, 35, 43, 49, 54, 58, 61, 63, 1], "score": 720, "duration": 49.94520187331994, "elap_time": 36.44173741340637}, "LSMG2opt": {"path": [1, 63, 61, 58, 54, 49, 43, 36, 28, 35, 21, 27, 34, 42, 41, 33, 32, 24, 31, 23, 17, 11, 16, 22, 29, 30, 37, 44, 38, 45, 51, 56, 60, 1], "score": 864, "duration": 49.59797974644665, "elap_time": 103.71434783935547}, "LSNN2opt": {"path": [1, 62, 59, 55, 50, 44, 37, 29, 22, 16, 11, 7, 4, 2, 5, 3, 6, 9, 13, 8, 12, 17, 23, 30, 38, 31, 24, 18, 25, 32, 39, 45, 51, 56, 1], "score": 684, "duration": 49.8313252184805, "elap_time": 63.40575861930847}, "LSMI2opt": {"path": [1, 62, 59, 55, 50, 44, 37, 29, 22, 30, 23, 16, 11, 17, 24, 31, 38, 39, 32, 33, 34, 42, 27, 21, 28, 35, 36, 43, 49, 54, 58, 61, 63, 1], "score": 864, "duration": 49.59797974644664, "elap_time": 94.69312071800232}, "TSLS": {"path": [1, 63, 61, 58, 54, 49, 42, 34, 27, 35, 43, 36, 28, 21, 15, 20, 26, 33, 25, 32, 24, 31, 23, 16, 22, 29, 30, 37, 44, 38, 45, 51, 56, 60, 1], "score": 882, "duration": 49.25483399593903, "elap_time": 781.2716672420502}, "TSLSINT": {"path": [1, 63, 61, 58, 54, 49, 42, 34, 27, 35, 43, 36, 28, 21, 15, 20, 26, 33, 25, 32, 24, 31, 23, 16, 22, 29, 30, 37, 44, 38, 45, 51, 56, 60, 1], "score": 882, "duration": 49.25483399593903, "elap_time": 945.0819191932678}, "Grasp": {"path": [1, 62, 59, 55, 50, 44, 37, 29, 22, 16, 23, 30, 38, 31, 24, 32, 25, 33, 26, 20, 15, 21, 28, 36, 43, 49, 42, 35, 27, 34, 41, 48, 53, 57, 1], "score": 900, "duration": 49.8313252184805, "elap_time": 1106.9730503559113}}}