{"0": {"GreedyMaxGrad": {"path": [0, 15, 16, 24, 25, 26, 27, 28, 0], "score": 95, "duration": 48.7031508515013, "elap_time": 0.0010428428649902344}, "GreedyNearNeigh": {"path": [0, 28, 18, 6, 7, 3, 2, 8, 9, 10, 11, 12, 21, 20, 19, 27, 31, 26, 22, 23, 0], "score": 160, "duration": 49.231306126252704, "elap_time": 0.0029754638671875}, "GreedyMaxIns": {"path": [0, 28, 17, 16, 15, 18, 19, 21, 22, 25, 24, 23, 26, 27, 0], "score": 145, "duration": 49.88341496499916, "elap_time": 0.1602942943572998}, "GreedyIndIns": {"path": [0, 13, 12, 11, 10, 9, 8, 7, 6, 5, 4, 3, 2, 19, 20, 31, 27, 0], "score": 125, "duration": 49.97986652162462, "elap_time": 0.22286438941955566}, "GreedyRand": {"path": [0, 26, 2, 25, 23, 24, 1, 0], "score": 65, "duration": 47.93691295098278, "elap_time": 0.004426240921020508}, "LSMGSwap": {"path": [0, 17, 16, 15, 18, 19, 21, 22, 23, 24, 25, 26, 27, 28, 0], "score": 145, "duration": 49.97088515729794, "elap_time": 2.548123359680176}, "LSNNSwap": {"path": [0, 28, 18, 5, 6, 7, 3, 2, 8, 10, 11, 12, 21, 20, 27, 31, 26, 25, 23, 22, 19, 0], "score": 180, "duration": 49.9340059306829, "elap_time": 6.1893486976623535}, "LSMISwap": {"path": [0, 28, 17, 16, 15, 18, 19, 21, 22, 23, 24, 25, 26, 31, 27, 0], "score": 155, "duration": 49.216051435510195, "elap_time": 2.806165933609009}, "LSMG2opt": {"path": [0, 18, 15, 16, 17, 28, 27, 31, 26, 25, 24, 23, 22, 21, 12, 19, 0], "score": 165, "duration": 49.97731235221035, "elap_time": 3.5823497772216797}, "LSNN2opt": {"path": [0, 28, 18, 6, 7, 3, 2, 8, 9, 10, 11, 12, 21, 22, 23, 24, 25, 26, 31, 27, 20, 19, 0], "score": 190, "duration": 49.818965547380394, "elap_time": 6.8369669914245605}, "LSMI2opt": {"path": [0, 28, 17, 16, 15, 18, 19, 21, 22, 23, 24, 25, 26, 31, 27, 0], "score": 155, "duration": 49.216051435510195, "elap_time": 3.5018393993377686}, "TSLS": {"path": [0, 28, 18, 6, 7, 3, 2, 8, 9, 10, 11, 12, 21, 22, 23, 24, 25, 26, 31, 27, 20, 19, 0], "score": 190, "duration": 49.818965547380394, "elap_time": 43.668808937072754}, "TSLSINT": {"path": [0, 28, 18, 6, 7, 3, 2, 8, 9, 10, 11, 12, 21, 22, 23, 24, 25, 26, 31, 27, 20, 19, 0], "score": 190, "duration": 49.818965547380394, "elap_time": 44.29068183898926}, "Grasp": {"path": [0, 28, 27, 31, 26, 25, 24, 23, 22, 21, 12, 11, 10, 8, 2, 3, 4, 5, 6, 1, 0], "score": 185, "duration": 48.933512566465346, "elap_time": 35.58629131317139}}, "1": {"GreedyMaxGrad": {"path": [1, 15, 16, 24, 25, 26, 21, 19, 1], "score": 90, "duration": 49.97229075092489, "elap_time": 0.0007603168487548828}, "GreedyNearNeigh": {"path": [1, 18, 28, 17, 29, 16, 15, 14, 4, 5, 6, 7, 3, 2, 8, 9, 1], "score": 135, "duration": 49.35927818648105, "elap_time": 0.0019142627716064453}, "GreedyMaxIns": {"path": [1, 17, 16, 15, 18, 21, 25, 24, 26, 1], "score": 100, "duration": 49.965076231106586, "elap_time": 0.045445919036865234}, "GreedyIndIns": {"path": [1, 13, 12, 11, 10, 9, 8, 7, 6, 5, 4, 3, 2, 19, 20, 31, 1], "score": 115, "duration": 49.96682969791223, "elap_time": 0.166182279586792}, "GreedyRand": {"path": [1, 5, 2, 24, 22, 21, 25, 26, 31, 27, 19, 1], "score": 110, "duration": 49.60525448956864, "elap_time": 0.00788736343383789}, "LSMGSwap": {"path": [1, 18, 15, 16, 17, 28, 27, 31, 26, 25, 24, 23, 22, 21, 12, 19, 1], "score": 165, "duration": 49.747945668756145, "elap_time": 3.4790151119232178}, "LSNNSwap": {"path": [1, 28, 29, 17, 16, 15, 14, 4, 5, 6, 7, 3, 2, 8, 10, 11, 9, 13, 1], "score": 155, "duration": 49.92209435245713, "elap_time": 4.439025402069092}, "LSMISwap": {"path": [1, 18, 15, 16, 17, 28, 27, 31, 26, 25, 24, 23, 22, 21, 12, 19, 1], "score": 165, "duration": 49.747945668756145, "elap_time": 3.489945888519287}, "LSMG2opt": {"path": [1, 18, 15, 16, 17, 28, 27, 31, 26, 25, 24, 23, 22, 21, 12, 19, 1], "score": 165, "duration": 49.747945668756145, "elap_time": 3.3973937034606934}, "LSNN2opt": {"path": [1, 28, 29, 17, 16, 15, 14, 4, 5, 6, 7, 3, 2, 8, 10, 11, 9, 13, 1], "score": 155, "duration": 49.92209435245713, "elap_time": 4.457123517990112}, "LSMI2opt": {"path": [1, 18, 15, 16, 17, 28, 27, 31, 26, 25, 24, 23, 22, 21, 12, 19, 1], "score": 165, "duration": 49.747945668756145, "elap_time": 3.7225921154022217}, "TSLS": {"path": [1, 18, 15, 16, 17, 28, 27, 31, 26, 25, 24, 23, 22, 21, 12, 19, 1], "score": 165, "duration": 49.747945668756145, "elap_time": 52.149532318115234}, "TSLSINT": {"path": [1, 6, 5, 4, 3, 2, 8, 10, 11, 12, 21, 22, 23, 24, 25, 26, 31, 27, 28, 1], "score": 185, "duration": 48.736801333067085, "elap_time": 47.4262158870697}, "Grasp": {"path": [1, 27, 31, 26, 25, 24, 23, 22, 21, 12, 11, 10, 8, 2, 3, 4, 5, 7, 6, 13, 1], "score": 185, "duration": 49.978709422529555, "elap_time": 38.399903774261475}}}