{"0": {"GreedyMaxGrad": {"path": [0, 20, 21, 22, 15, 16, 17, 18, 19, 9, 10, 30, 24, 0], "score": 440, "duration": 109.68805056153495, "elap_time": 0.0016906261444091797}, "GreedyNearNeigh": {"path": [0, 24, 23, 27, 14, 28, 4, 3, 6, 2, 8, 31, 12, 29, 26, 32, 30, 11, 10, 9, 25, 22, 7, 5, 20, 17, 13, 15, 16, 21, 0], "score": 720, "duration": 98.68587629233757, "elap_time": 0.0038733482360839844}, "GreedyMaxIns": {"path": [0, 4, 14, 3, 13, 6, 2, 8, 12, 11, 10, 9, 19, 18, 30, 26, 32, 17, 16, 15, 21, 20, 22, 24, 0], "score": 680, "duration": 109.98435057834375, "elap_time": 0.5369200706481934}, "GreedyIndIns": {"path": [0, 23, 15, 16, 20, 14, 13, 12, 11, 10, 9, 8, 7, 6, 5, 4, 3, 2, 32, 0], "score": 470, "duration": 109.9740197929494, "elap_time": 0.30175042152404785}, "GreedyRand": {"path": [0, 22, 19, 16, 18, 12, 15, 3, 27, 23, 24, 1, 0], "score": 290, "duration": 108.90846465493676, "elap_time": 0.010169267654418945}, "LSMGSwap": {"path": [0, 24, 22, 7, 5, 28, 14, 4, 16, 21, 17, 13, 15, 20, 3, 6, 2, 8, 29, 31, 12, 11, 18, 19, 9, 10, 30, 26, 32, 23, 27, 0], "score": 790, "duration": 109.91746059679323, "elap_time": 12.44022822380066}, "LSNNSwap": {"path": [0, 24, 23, 27, 14, 28, 4, 3, 6, 2, 8, 31, 12, 29, 26, 32, 30, 11, 19, 18, 10, 9, 25, 22, 7, 5, 20, 17, 21, 15, 16, 13, 0], "score": 800, "duration": 108.85733274296214, "elap_time": 3.833860158920288}, "LSMISwap": {"path": [0, 27, 23, 14, 4, 3, 13, 6, 2, 8, 31, 12, 29, 30, 9, 10, 18, 19, 11, 26, 32, 17, 16, 15, 21, 20, 28, 5, 7, 22, 24, 0], "score": 790, "duration": 109.72935458704214, "elap_time": 5.691126823425293}, "LSMG2opt": {"path": [0, 25, 27, 23, 32, 26, 30, 9, 10, 18, 19, 11, 12, 31, 29, 8, 2, 6, 21, 15, 16, 17, 20, 13, 3, 28, 14, 4, 5, 7, 22, 24, 0], "score": 800, "duration": 109.07711211154826, "elap_time": 13.27372407913208}, "LSNN2opt": {"path": [0, 24, 23, 27, 5, 7, 22, 25, 9, 10, 18, 19, 11, 30, 32, 26, 29, 12, 31, 8, 2, 6, 3, 4, 28, 14, 20, 17, 13, 15, 16, 21, 0], "score": 800, "duration": 109.22741730211774, "elap_time": 5.08249831199646}, "LSMI2opt": {"path": [0, 27, 23, 32, 26, 29, 30, 10, 9, 18, 19, 11, 12, 31, 8, 2, 6, 13, 3, 4, 14, 28, 17, 16, 15, 21, 20, 7, 5, 22, 24, 0], "score": 790, "duration": 108.00113151013433, "elap_time": 7.797087669372559}, "TSLS": {"path": [0, 24, 23, 27, 14, 28, 4, 3, 6, 2, 8, 31, 12, 29, 26, 32, 30, 11, 19, 18, 10, 9, 25, 22, 7, 5, 20, 17, 21, 15, 16, 13, 0], "score": 800, "duration": 108.85733274296214, "elap_time": 106.18804168701172}, "TSLSINT": {"path": [0, 24, 23, 27, 14, 28, 4, 3, 6, 2, 8, 31, 12, 29, 26, 32, 30, 11, 19, 18, 10, 9, 25, 22, 7, 5, 20, 17, 21, 15, 16, 13, 0], "score": 800, "duration": 108.85733274296214, "elap_time": 320.5386338233948}, "Grasp": {"path": [0, 24, 23, 27, 22, 7, 5, 28, 14, 4, 3, 13, 21, 16, 20, 17, 15, 6, 2, 26, 30, 25, 9, 10, 18, 19, 11, 12, 29, 31, 8, 32, 1, 0], "score": 800, "duration": 109.93348802283111, "elap_time": 425.9588623046875}}, "1": {"GreedyMaxGrad": {"path": [1, 20, 21, 22, 15, 16, 17, 18, 19, 9, 10, 30, 26, 1], "score": 440, "duration": 108.7261988807571, "elap_time": 0.0012221336364746094}, "GreedyNearNeigh": {"path": [1, 23, 27, 24, 22, 7, 5, 28, 14, 4, 3, 6, 2, 8, 31, 12, 29, 26, 32, 30, 11, 10, 9, 25, 20, 17, 13, 15, 16, 21, 1], "score": 720, "duration": 102.39757956175545, "elap_time": 0.002830028533935547}, "GreedyMaxIns": {"path": [1, 23, 14, 4, 3, 13, 6, 2, 8, 12, 11, 10, 9, 19, 18, 30, 26, 32, 17, 16, 15, 21, 20, 28, 22, 24, 1], "score": 700, "duration": 109.77322269509321, "elap_time": 0.46245527267456055}, "GreedyIndIns": {"path": [1, 23, 16, 15, 14, 13, 12, 11, 10, 9, 26, 8, 24, 22, 7, 6, 5, 4, 3, 2, 32, 1], "score": 490, "duration": 109.94736749406407, "elap_time": 0.3450484275817871}, "GreedyRand": {"path": [1, 15, 16, 20, 18, 14, 13, 2, 4, 12, 3, 30, 1], "score": 340, "duration": 109.3151142085567, "elap_time": 0.010808944702148438}, "LSMGSwap": {"path": [1, 23, 27, 24, 22, 7, 5, 14, 28, 4, 20, 17, 3, 13, 15, 16, 21, 6, 2, 29, 8, 31, 12, 11, 18, 19, 9, 10, 30, 26, 32, 1], "score": 790, "duration": 109.4065212096065, "elap_time": 11.547928810119629}, "LSNNSwap": {"path": [1, 23, 27, 24, 22, 7, 5, 28, 14, 4, 3, 6, 2, 8, 31, 12, 29, 26, 30, 11, 19, 18, 10, 9, 25, 32, 20, 17, 21, 15, 16, 13, 1], "score": 800, "duration": 109.92265618088034, "elap_time": 3.5928328037261963}, "LSMISwap": {"path": [1, 23, 27, 14, 4, 3, 13, 6, 2, 8, 31, 12, 29, 9, 10, 18, 19, 11, 30, 26, 32, 17, 16, 15, 21, 20, 28, 5, 7, 22, 24, 1], "score": 790, "duration": 109.91065288511909, "elap_time": 4.979065656661987}, "LSMG2opt": {"path": [1, 27, 23, 24, 25, 22, 7, 5, 28, 14, 4, 20, 17, 16, 15, 21, 13, 3, 2, 6, 8, 31, 29, 12, 11, 19, 18, 9, 10, 30, 26, 32, 1], "score": 800, "duration": 109.31080517552631, "elap_time": 11.42799687385559}, "LSNN2opt": {"path": [1, 23, 27, 24, 22, 7, 5, 28, 14, 4, 3, 6, 2, 8, 31, 12, 29, 26, 32, 30, 11, 19, 18, 10, 9, 25, 20, 17, 21, 16, 15, 13, 1], "score": 800, "duration": 109.87439988067996, "elap_time": 4.151366949081421}, "LSMI2opt": {"path": [1, 27, 23, 32, 26, 29, 30, 25, 9, 10, 18, 19, 11, 12, 31, 8, 2, 6, 13, 3, 4, 14, 17, 16, 15, 21, 20, 28, 5, 7, 22, 24, 1], "score": 800, "duration": 109.64990448465886, "elap_time": 4.575857877731323}, "TSLS": {"path": [1, 23, 27, 24, 22, 7, 5, 28, 14, 4, 3, 6, 2, 8, 31, 12, 29, 26, 30, 11, 19, 18, 10, 9, 25, 32, 20, 17, 21, 15, 16, 13, 1], "score": 800, "duration": 109.92265618088034, "elap_time": 113.9178237915039}, "TSLSINT": {"path": [1, 23, 27, 24, 22, 7, 5, 28, 14, 4, 3, 6, 2, 8, 31, 12, 29, 26, 30, 11, 19, 18, 10, 9, 25, 32, 20, 17, 21, 15, 16, 13, 1], "score": 800, "duration": 109.92265618088034, "elap_time": 299.7583966255188}, "Grasp": {"path": [1, 32, 24, 22, 28, 5, 7, 25, 9, 10, 18, 19, 11, 30, 26, 29, 12, 31, 8, 2, 6, 13, 16, 21, 15, 17, 20, 3, 14, 4, 27, 23, 1], "score": 800, "duration": 107.98199424500632, "elap_time": 431.055762052536}}}