{"0": {"GreedyMaxGrad": {"path": [0, 19, 15, 16, 17, 2, 7, 0], "score": 190, "duration": 34.43479086808101, "elap_time": 0.0005886554718017578}, "GreedyNearNeigh": {"path": [0, 13, 11, 12, 7, 6, 5, 3, 2, 8, 9, 10, 14, 0], "score": 200, "duration": 21.28594231979497, "elap_time": 0.001264810562133789}, "GreedyMaxIns": {"path": [0, 7, 2, 17, 16, 15, 18, 19, 0], "score": 220, "duration": 34.966160719466245, "elap_time": 0.02582859992980957}, "GreedyIndIns": {"path": [0, 12, 8, 7, 6, 5, 4, 3, 2, 20, 0], "score": 170, "duration": 34.93024494361739, "elap_time": 0.041741371154785156}, "GreedyRand": {"path": [0, 16, 4, 14, 0], "score": 95, "duration": 34.98228227224398, "elap_time": 0.0013718605041503906}, "LSMGSwap": {"path": [0, 12, 11, 8, 18, 19, 16, 15, 17, 2, 7, 0], "score": 265, "duration": 34.68722379626074, "elap_time": 0.8471477031707764}, "LSNNSwap": {"path": [0, 13, 11, 12, 7, 6, 5, 3, 2, 8, 17, 16, 15, 9, 10, 14, 0], "score": 310, "duration": 34.09649962081155, "elap_time": 1.7757220268249512}, "LSMISwap": {"path": [0, 11, 10, 9, 8, 17, 15, 16, 19, 18, 2, 7, 0], "score": 295, "duration": 34.783989772848244, "elap_time": 0.9454052448272705}, "LSMG2opt": {"path": [0, 11, 10, 9, 8, 17, 15, 16, 19, 18, 2, 7, 0], "score": 295, "duration": 34.783989772848244, "elap_time": 0.846104621887207}, "LSNN2opt": {"path": [0, 11, 10, 9, 8, 17, 18, 19, 20, 4, 3, 5, 6, 7, 12, 0], "score": 315, "duration": 34.54036409794677, "elap_time": 2.0161831378936768}, "LSMI2opt": {"path": [0, 7, 2, 3, 19, 18, 16, 15, 17, 8, 12, 0], "score": 270, "duration": 34.8715871409582, "elap_time": 0.7553379535675049}, "TSLS": {"path": [0, 11, 10, 9, 8, 17, 18, 19, 20, 4, 3, 5, 6, 7, 12, 0], "score": 315, "duration": 34.54036409794677, "elap_time": 4.525806427001953}, "TSLSINT": {"path": [0, 11, 10, 9, 8, 17, 18, 19, 20, 4, 3, 5, 6, 7, 12, 0], "score": 315, "duration": 34.54036409794677, "elap_time": 12.390563726425171}, "Grasp": {"path": [0, 13, 14, 11, 10, 9, 17, 18, 19, 20, 4, 3, 5, 6, 7, 0], "score": 320, "duration": 34.969132454242505, "elap_time": 11.865798234939575}}, "1": {"GreedyMaxGrad": {"path": [1, 19, 15, 16, 9, 10, 13, 1], "score": 180, "duration": 34.85852067329138, "elap_time": 0.00040841102600097656}, "GreedyNearNeigh": {"path": [1, 13, 11, 12, 7, 6, 5, 3, 2, 8, 9, 10, 14, 1], "score": 200, "duration": 20.733137612111946, "elap_time": 0.0009431838989257812}, "GreedyMaxIns": {"path": [1, 10, 16, 15, 19, 18, 1], "score": 180, "duration": 34.987910200664615, "elap_time": 0.010045766830444336}, "GreedyIndIns": {"path": [1, 7, 6, 5, 4, 3, 8, 2, 20, 11, 13, 1], "score": 185, "duration": 34.655015610100165, "elap_time": 0.03522896766662598}, "GreedyRand": {"path": [1, 16, 20, 5, 12, 13, 1], "score": 105, "duration": 34.88418678058002, "elap_time": 0.0016353130340576172}, "LSMGSwap": {"path": [1, 14, 9, 15, 16, 19, 18, 8, 10, 11, 13, 1], "score": 270, "duration": 34.88277119580863, "elap_time": 0.6931769847869873}, "LSNNSwap": {"path": [1, 13, 11, 12, 6, 5, 3, 19, 18, 17, 8, 9, 10, 14, 1], "score": 280, "duration": 34.94099870734418, "elap_time": 1.5785975456237793}, "LSMISwap": {"path": [1, 13, 10, 9, 17, 15, 16, 19, 18, 8, 11, 1], "score": 275, "duration": 34.75022498273275, "elap_time": 0.6695258617401123}, "LSMG2opt": {"path": [1, 10, 15, 16, 19, 18, 17, 9, 13, 1], "score": 240, "duration": 34.98230899038697, "elap_time": 0.5278713703155518}, "LSNN2opt": {"path": [1, 13, 11, 12, 6, 5, 3, 19, 18, 17, 8, 9, 10, 14, 1], "score": 280, "duration": 34.94099870734418, "elap_time": 1.590287685394287}, "LSMI2opt": {"path": [1, 13, 10, 9, 17, 15, 16, 19, 18, 8, 11, 1], "score": 275, "duration": 34.75022498273275, "elap_time": 0.7302684783935547}, "TSLS": {"path": [1, 13, 11, 12, 6, 5, 3, 19, 18, 17, 8, 9, 10, 14, 1], "score": 280, "duration": 34.94099870734418, "elap_time": 4.9971888065338135}, "TSLSINT": {"path": [1, 14, 13, 11, 10, 9, 16, 15, 17, 8, 2, 3, 5, 6, 7, 12, 1], "score": 310, "duration": 34.54431650292092, "elap_time": 13.510170936584473}, "Grasp": {"path": [1, 14, 13, 12, 11, 10, 9, 15, 16, 17, 8, 2, 3, 5, 6, 7, 0, 1], "score": 310, "duration": 34.374244505178616, "elap_time": 11.596890687942505}}}