{"0": {"GreedyMaxGrad": {"path": [0, 15, 16, 24, 25, 26, 2, 3, 4, 5, 10, 11, 12, 21, 22, 27, 0], "score": 175, "duration": 84.68563046520676, "elap_time": 0.0019407272338867188}, "GreedyNearNeigh": {"path": [0, 28, 18, 6, 7, 3, 2, 8, 9, 10, 11, 12, 21, 20, 19, 27, 31, 26, 22, 23, 25, 24, 30, 29, 17, 15, 14, 0], "score": 245, "duration": 82.98327007669478, "elap_time": 0.003657817840576172}, "GreedyMaxIns": {"path": [0, 5, 4, 3, 8, 10, 2, 12, 22, 25, 24, 23, 27, 28, 17, 16, 15, 26, 0], "score": 190, "duration": 84.96629605971876, "elap_time": 0.2977628707885742}, "GreedyIndIns": {"path": [0, 20, 19, 18, 17, 16, 15, 14, 13, 12, 11, 10, 9, 8, 7, 6, 5, 4, 3, 2, 21, 26, 31, 27, 0], "score": 205, "duration": 84.55771702885589, "elap_time": 0.43581151962280273}, "GreedyRand": {"path": [0, 5, 11, 4, 3, 16, 10, 2, 17, 28, 1, 0], "score": 95, "duration": 83.83523859565305, "elap_time": 0.00832223892211914}, "LSMGSwap": {"path": [0, 18, 15, 16, 17, 28, 27, 20, 22, 24, 25, 23, 8, 2, 3, 4, 5, 6, 13, 9, 10, 11, 12, 21, 26, 31, 0], "score": 245, "duration": 84.78217344628042, "elap_time": 7.173784971237183}, "LSNNSwap": {"path": [0, 28, 18, 6, 7, 3, 2, 8, 10, 11, 12, 21, 20, 19, 27, 31, 26, 22, 23, 24, 25, 30, 29, 17, 16, 15, 14, 4, 5, 0], "score": 275, "duration": 84.87159751328434, "elap_time": 5.466400861740112}, "LSMISwap": {"path": [0, 18, 7, 6, 5, 4, 3, 2, 8, 10, 11, 12, 21, 22, 23, 24, 25, 26, 31, 27, 30, 29, 17, 16, 14, 15, 28, 0], "score": 265, "duration": 84.6630660151899, "elap_time": 8.143584489822388}, "LSMG2opt": {"path": [0, 28, 30, 29, 17, 16, 15, 14, 4, 3, 2, 7, 5, 6, 13, 9, 8, 10, 11, 12, 21, 22, 23, 24, 25, 26, 31, 27, 0], "score": 270, "duration": 84.77193896616777, "elap_time": 8.326599359512329}, "LSNN2opt": {"path": [0, 28, 18, 5, 4, 14, 15, 16, 17, 29, 30, 25, 24, 23, 22, 26, 31, 27, 20, 21, 12, 11, 10, 9, 8, 2, 3, 7, 6, 13, 0], "score": 280, "duration": 84.68621665610287, "elap_time": 4.240839242935181}, "LSMI2opt": {"path": [0, 28, 29, 17, 16, 15, 14, 4, 5, 7, 6, 13, 3, 2, 9, 10, 8, 11, 12, 21, 22, 25, 24, 23, 26, 31, 30, 27, 20, 19, 0], "score": 280, "duration": 84.94801740177401, "elap_time": 7.3842175006866455}, "TSLS": {"path": [0, 28, 18, 5, 4, 14, 15, 16, 17, 29, 30, 25, 24, 23, 22, 26, 31, 27, 20, 21, 12, 11, 10, 9, 8, 2, 3, 7, 6, 13, 0], "score": 280, "duration": 84.68621665610287, "elap_time": 63.12020015716553}, "TSLSINT": {"path": [0, 19, 20, 26, 27, 31, 30, 25, 24, 23, 22, 21, 12, 11, 10, 9, 8, 2, 3, 13, 6, 7, 5, 4, 14, 15, 16, 17, 29, 28, 18, 0], "score": 285, "duration": 84.38508365815612, "elap_time": 198.01999497413635}, "Grasp": {"path": [0, 28, 29, 17, 16, 15, 14, 4, 5, 7, 3, 2, 9, 8, 10, 11, 12, 21, 22, 23, 24, 25, 30, 31, 27, 26, 20, 19, 13, 6, 18, 1, 0], "score": 285, "duration": 84.84391911646628, "elap_time": 249.17441821098328}}, "1": {"GreedyMaxGrad": {"path": [1, 15, 16, 24, 25, 26, 2, 3, 4, 5, 10, 11, 12, 21, 22, 27, 1], "score": 175, "duration": 84.95984587152947, "elap_time": 0.0013515949249267578}, "GreedyNearNeigh": {"path": [1, 18, 28, 17, 29, 16, 15, 14, 4, 5, 6, 7, 3, 2, 8, 9, 10, 11, 12, 21, 20, 19, 27, 31, 26, 22, 23, 25, 24, 1], "score": 270, "duration": 83.68748682585863, "elap_time": 0.0025970935821533203}, "GreedyMaxIns": {"path": [1, 5, 4, 3, 8, 10, 2, 12, 21, 22, 25, 24, 23, 27, 17, 16, 15, 26, 1], "score": 190, "duration": 84.94772749984476, "elap_time": 0.21858835220336914}, "GreedyIndIns": {"path": [1, 20, 19, 18, 17, 16, 15, 14, 13, 12, 11, 10, 9, 8, 7, 6, 5, 4, 3, 2, 26, 31, 27, 1], "score": 195, "duration": 84.97049018877439, "elap_time": 0.3776209354400635}, "GreedyRand": {"path": [1, 25, 10, 24, 5, 3, 26, 22, 21, 31, 6, 1], "score": 110, "duration": 84.68848843316317, "elap_time": 0.008658170700073242}, "LSMGSwap": {"path": [1, 18, 15, 16, 17, 28, 31, 25, 24, 23, 22, 9, 8, 2, 3, 7, 4, 5, 6, 13, 10, 11, 12, 21, 20, 26, 27, 1], "score": 250, "duration": 84.65085264086761, "elap_time": 6.671830654144287}, "LSNNSwap": {"path": [1, 18, 28, 29, 17, 16, 15, 14, 4, 5, 6, 7, 3, 2, 8, 9, 10, 11, 12, 21, 20, 19, 27, 31, 26, 22, 23, 25, 24, 13, 1], "score": 275, "duration": 84.88705365273353, "elap_time": 3.4046030044555664}, "LSMISwap": {"path": [1, 7, 6, 5, 4, 3, 2, 8, 9, 10, 11, 12, 21, 22, 23, 24, 25, 26, 31, 30, 27, 29, 16, 14, 15, 17, 28, 1], "score": 265, "duration": 84.92135621406231, "elap_time": 7.630555868148804}, "LSMG2opt": {"path": [1, 13, 2, 3, 7, 6, 5, 4, 14, 15, 16, 17, 29, 28, 30, 31, 26, 25, 24, 23, 22, 21, 12, 11, 10, 8, 9, 19, 27, 1], "score": 275, "duration": 84.51285277871276, "elap_time": 7.045287609100342}, "LSNN2opt": {"path": [1, 18, 28, 17, 29, 16, 15, 14, 4, 5, 6, 7, 3, 2, 8, 9, 10, 11, 12, 21, 24, 25, 23, 22, 26, 30, 31, 27, 19, 20, 1], "score": 280, "duration": 84.54069885660942, "elap_time": 3.7124061584472656}, "LSMI2opt": {"path": [1, 18, 28, 29, 17, 16, 15, 14, 4, 5, 6, 7, 3, 2, 8, 11, 10, 9, 12, 21, 22, 25, 24, 23, 30, 27, 31, 26, 20, 19, 1], "score": 280, "duration": 84.60080987831624, "elap_time": 7.0812225341796875}, "TSLS": {"path": [1, 18, 28, 17, 29, 16, 15, 14, 4, 5, 6, 7, 3, 2, 8, 9, 10, 11, 12, 21, 24, 25, 23, 22, 26, 30, 31, 27, 19, 20, 1], "score": 280, "duration": 84.54069885660942, "elap_time": 61.297404766082764}, "TSLSINT": {"path": [1, 18, 28, 29, 17, 16, 15, 14, 4, 5, 6, 13, 7, 3, 2, 8, 9, 10, 11, 12, 21, 25, 24, 23, 22, 26, 30, 31, 27, 20, 19, 1], "score": 285, "duration": 84.18314789023813, "elap_time": 199.20465779304504}, "Grasp": {"path": [1, 13, 6, 7, 3, 2, 8, 9, 10, 11, 12, 21, 22, 23, 24, 25, 26, 30, 31, 27, 20, 19, 28, 29, 17, 16, 15, 14, 4, 5, 18, 1], "score": 285, "duration": 83.96982787782348, "elap_time": 256.2111723423004}}}