{"0": {"GreedyMaxGrad": {"path": [0, 19, 15, 16, 4, 14, 13, 0], "score": 195, "duration": 44.19958150678647, "elap_time": 0.0006051063537597656}, "GreedyNearNeigh": {"path": [0, 13, 11, 12, 7, 6, 5, 3, 2, 8, 9, 10, 14, 17, 15, 16, 0], "score": 310, "duration": 43.468955872099755, "elap_time": 0.0014414787292480469}, "GreedyMaxIns": {"path": [0, 7, 2, 3, 4, 20, 18, 17, 16, 15, 19, 8, 11, 0], "score": 335, "duration": 44.60714759787506, "elap_time": 0.06991195678710938}, "GreedyIndIns": {"path": [0, 14, 13, 12, 11, 10, 9, 8, 7, 6, 5, 4, 3, 2, 20, 0], "score": 260, "duration": 41.037646422890106, "elap_time": 0.09437227249145508}, "GreedyRand": {"path": [0, 20, 15, 9, 18, 5, 6, 7, 0], "score": 160, "duration": 44.65261952628596, "elap_time": 0.003510713577270508}, "LSMGSwap": {"path": [0, 7, 2, 3, 4, 20, 19, 16, 15, 17, 18, 8, 9, 10, 14, 13, 0], "score": 395, "duration": 44.94747923718709, "elap_time": 1.3264968395233154}, "LSNNSwap": {"path": [0, 13, 14, 11, 12, 7, 6, 5, 3, 2, 8, 19, 18, 17, 15, 16, 9, 10, 0], "score": 390, "duration": 44.46237909714944, "elap_time": 1.571338176727295}, "LSMISwap": {"path": [0, 11, 12, 7, 6, 2, 3, 4, 20, 19, 18, 16, 15, 17, 8, 9, 10, 14, 13, 0], "score": 435, "duration": 44.7960587153171, "elap_time": 0.9563474655151367}, "LSMG2opt": {"path": [0, 7, 12, 11, 2, 3, 4, 20, 19, 18, 15, 16, 17, 8, 9, 10, 14, 13, 0], "score": 420, "duration": 44.05646183405882, "elap_time": 1.5531485080718994}, "LSNN2opt": {"path": [0, 13, 14, 10, 17, 15, 16, 19, 18, 9, 8, 2, 3, 5, 6, 7, 12, 11, 0], "score": 390, "duration": 44.688021356387424, "elap_time": 1.5811233520507812}, "LSMI2opt": {"path": [0, 13, 14, 11, 10, 9, 8, 17, 15, 16, 18, 19, 20, 4, 3, 2, 5, 6, 7, 12, 0], "score": 450, "duration": 44.89233212879235, "elap_time": 0.7714638710021973}, "TSLS": {"path": [0, 13, 14, 11, 10, 9, 8, 17, 15, 16, 18, 19, 20, 4, 3, 2, 5, 6, 7, 12, 0], "score": 450, "duration": 44.89233212879235, "elap_time": 5.72876763343811}, "TSLSINT": {"path": [0, 13, 14, 11, 10, 9, 8, 17, 15, 16, 18, 19, 20, 4, 3, 2, 5, 6, 7, 12, 0], "score": 450, "duration": 44.89233212879235, "elap_time": 20.244152545928955}, "Grasp": {"path": [0, 13, 14, 11, 10, 9, 8, 17, 15, 16, 18, 19, 20, 4, 3, 2, 5, 6, 7, 12, 0], "score": 450, "duration": 44.89233212879235, "elap_time": 23.704797744750977}}, "1": {"GreedyMaxGrad": {"path": [1, 19, 15, 16, 4, 14, 1], "score": 185, "duration": 44.59034247391827, "elap_time": 0.00039124488830566406}, "GreedyNearNeigh": {"path": [1, 13, 11, 12, 7, 6, 5, 3, 2, 8, 9, 10, 14, 17, 15, 16, 1], "score": 310, "duration": 44.3350105543424, "elap_time": 0.0010449886322021484}, "GreedyMaxIns": {"path": [1, 7, 6, 5, 4, 18, 17, 16, 15, 19, 2, 12, 1], "score": 290, "duration": 44.924803327319815, "elap_time": 0.04243731498718262}, "GreedyIndIns": {"path": [1, 14, 13, 12, 11, 10, 9, 8, 7, 6, 5, 4, 3, 2, 20, 1], "score": 260, "duration": 41.78305457920833, "elap_time": 0.06661868095397949}, "GreedyRand": {"path": [1, 4, 18, 2, 15, 16, 10, 13, 1], "score": 190, "duration": 44.581102544838444, "elap_time": 0.0025420188903808594}, "LSMGSwap": {"path": [1, 13, 11, 2, 3, 4, 20, 19, 16, 15, 17, 18, 8, 10, 14, 1], "score": 380, "duration": 44.99172594761211, "elap_time": 1.1883859634399414}, "LSNNSwap": {"path": [1, 13, 11, 12, 7, 6, 5, 3, 2, 8, 9, 17, 15, 16, 19, 18, 10, 14, 1], "score": 390, "duration": 44.42782616421829, "elap_time": 1.4100837707519531}, "LSMISwap": {"path": [1, 7, 6, 5, 3, 4, 20, 19, 18, 16, 15, 17, 8, 2, 10, 11, 14, 1], "score": 410, "duration": 44.93296700981936, "elap_time": 1.35062837600708}, "LSMG2opt": {"path": [1, 13, 11, 12, 7, 6, 2, 3, 4, 20, 19, 18, 16, 15, 17, 8, 9, 10, 14, 1], "score": 435, "duration": 44.69718458452626, "elap_time": 1.156574010848999}, "LSNN2opt": {"path": [1, 13, 11, 12, 7, 6, 5, 3, 2, 8, 9, 18, 19, 16, 15, 17, 10, 14, 1], "score": 390, "duration": 44.58914722559659, "elap_time": 1.3341448307037354}, "LSMI2opt": {"path": [1, 13, 7, 6, 5, 3, 4, 20, 19, 18, 16, 15, 17, 8, 2, 12, 11, 14, 1], "score": 410, "duration": 44.59499294479449, "elap_time": 1.214733362197876}, "TSLS": {"path": [1, 13, 11, 12, 7, 6, 2, 3, 4, 20, 19, 18, 16, 15, 17, 8, 9, 10, 14, 1], "score": 435, "duration": 44.69718458452626, "elap_time": 5.956343650817871}, "TSLSINT": {"path": [1, 14, 13, 11, 10, 9, 8, 17, 15, 16, 18, 19, 20, 4, 3, 2, 5, 6, 7, 1], "score": 440, "duration": 44.92128674174885, "elap_time": 22.698171854019165}, "Grasp": {"path": [1, 0, 7, 6, 5, 2, 3, 4, 20, 19, 18, 16, 15, 17, 8, 9, 10, 11, 13, 14, 1], "score": 440, "duration": 44.92543464251618, "elap_time": 23.77199935913086}}}