{"0": {"GreedyMaxGrad": {"path": [0, 20, 21, 22, 14, 3, 4, 23, 24, 0], "score": 240, "duration": 49.91245051235388, "elap_time": 0.0011539459228515625}, "GreedyNearNeigh": {"path": [0, 24, 23, 27, 14, 28, 4, 3, 6, 2, 8, 31, 12, 29, 26, 32, 30, 11, 0], "score": 310, "duration": 48.25443833548508, "elap_time": 0.0029594898223876953}, "GreedyMaxIns": {"path": [0, 23, 4, 14, 3, 13, 17, 16, 15, 21, 20, 28, 5, 22, 24, 0], "score": 420, "duration": 49.727727698060015, "elap_time": 0.1994798183441162}, "GreedyIndIns": {"path": [0, 24, 7, 14, 13, 8, 6, 5, 4, 3, 2, 32, 0], "score": 220, "duration": 49.99751156611407, "elap_time": 0.12284040451049805}, "GreedyRand": {"path": [0, 22, 20, 10, 18, 9, 25, 1, 0], "score": 210, "duration": 49.38274562177334, "elap_time": 0.005395174026489258}, "LSMGSwap": {"path": [0, 32, 8, 2, 6, 13, 15, 16, 21, 17, 20, 3, 4, 14, 5, 7, 22, 24, 0], "score": 490, "duration": 49.542860072347395, "elap_time": 5.4644775390625}, "LSNNSwap": {"path": [0, 22, 24, 23, 27, 14, 28, 4, 17, 20, 13, 3, 6, 2, 8, 31, 12, 29, 30, 26, 32, 0], "score": 450, "duration": 49.62193596270298, "elap_time": 9.056148290634155}, "LSMISwap": {"path": [0, 23, 27, 14, 4, 3, 2, 6, 13, 15, 16, 21, 17, 20, 28, 5, 7, 22, 24, 0], "score": 490, "duration": 49.37854023323936, "elap_time": 5.690977096557617}, "LSMG2opt": {"path": [0, 27, 23, 28, 14, 4, 3, 6, 13, 15, 21, 16, 17, 20, 5, 7, 22, 24, 0], "score": 470, "duration": 49.69192898689275, "elap_time": 6.890345096588135}, "LSNN2opt": {"path": [0, 22, 24, 23, 27, 14, 28, 4, 20, 17, 16, 15, 13, 3, 6, 2, 8, 31, 29, 26, 32, 0], "score": 480, "duration": 49.97555048335971, "elap_time": 9.08483338356018}, "LSMI2opt": {"path": [0, 23, 27, 14, 4, 3, 2, 6, 13, 15, 21, 16, 17, 20, 28, 5, 7, 22, 24, 0], "score": 490, "duration": 49.946150539013175, "elap_time": 5.355345964431763}, "TSLS": {"path": [0, 32, 8, 2, 6, 13, 15, 16, 21, 17, 20, 3, 4, 14, 5, 7, 22, 24, 0], "score": 490, "duration": 49.542860072347395, "elap_time": 63.563873529434204}, "TSLSINT": {"path": [0, 24, 22, 7, 5, 28, 14, 4, 20, 17, 16, 15, 13, 3, 6, 2, 8, 31, 12, 29, 26, 0], "score": 520, "duration": 49.77466925329676, "elap_time": 100.10547614097595}, "Grasp": {"path": [0, 24, 22, 7, 5, 14, 4, 3, 13, 20, 17, 16, 15, 6, 2, 8, 31, 12, 29, 26, 0], "score": 510, "duration": 49.3862214764312, "elap_time": 60.446415185928345}}, "1": {"GreedyMaxGrad": {"path": [1, 20, 21, 22, 14, 3, 4, 23, 1], "score": 230, "duration": 48.868613287885154, "elap_time": 0.0007748603820800781}, "GreedyNearNeigh": {"path": [1, 23, 27, 24, 22, 7, 5, 28, 14, 4, 3, 6, 2, 8, 31, 12, 29, 26, 32, 30, 25, 1], "score": 380, "duration": 49.183569008724284, "elap_time": 0.0023186206817626953}, "GreedyMaxIns": {"path": [1, 23, 4, 14, 3, 13, 17, 16, 15, 21, 20, 27, 22, 24, 1], "score": 400, "duration": 49.74765983914167, "elap_time": 0.1265716552734375}, "GreedyIndIns": {"path": [1, 8, 23, 7, 14, 6, 5, 4, 3, 2, 32, 1], "score": 190, "duration": 49.962708720286926, "elap_time": 0.07818865776062012}, "GreedyRand": {"path": [1, 9, 19, 18, 10, 5, 23, 0, 1], "score": 170, "duration": 49.40323164088469, "elap_time": 0.0054111480712890625}, "LSMGSwap": {"path": [1, 24, 22, 7, 5, 14, 6, 15, 16, 21, 17, 20, 13, 3, 4, 27, 23, 1], "score": 460, "duration": 49.56575445850126, "elap_time": 4.751453638076782}, "LSNNSwap": {"path": [1, 23, 27, 24, 22, 7, 5, 28, 14, 4, 17, 20, 13, 6, 2, 8, 31, 12, 29, 30, 26, 32, 1], "score": 470, "duration": 49.829829412538714, "elap_time": 7.9560770988464355}, "LSMISwap": {"path": [1, 23, 14, 28, 4, 3, 13, 17, 16, 15, 21, 20, 27, 22, 24, 1], "score": 410, "duration": 49.83385136998384, "elap_time": 4.468271017074585}, "LSMG2opt": {"path": [1, 24, 22, 7, 5, 14, 28, 20, 17, 21, 16, 15, 13, 6, 2, 3, 4, 23, 1], "score": 480, "duration": 49.85647614207475, "elap_time": 5.430431127548218}, "LSNN2opt": {"path": [1, 23, 27, 24, 22, 7, 5, 28, 14, 4, 17, 20, 13, 6, 2, 8, 31, 12, 29, 30, 26, 32, 1], "score": 470, "duration": 49.829829412538714, "elap_time": 8.001712083816528}, "LSMI2opt": {"path": [1, 23, 14, 28, 4, 3, 13, 17, 16, 15, 21, 20, 27, 22, 24, 1], "score": 410, "duration": 49.83385136998384, "elap_time": 5.093744277954102}, "TSLS": {"path": [1, 24, 22, 7, 5, 14, 28, 20, 17, 21, 16, 15, 13, 6, 2, 3, 4, 23, 1], "score": 480, "duration": 49.85647614207475, "elap_time": 72.88777732849121}, "TSLSINT": {"path": [1, 26, 29, 12, 31, 8, 2, 6, 3, 13, 15, 16, 17, 20, 4, 14, 28, 5, 7, 22, 24, 1], "score": 520, "duration": 49.84634635219792, "elap_time": 91.46913051605225}, "Grasp": {"path": [1, 26, 29, 12, 31, 8, 2, 6, 15, 16, 17, 20, 13, 3, 4, 14, 5, 7, 22, 24, 1], "score": 510, "duration": 49.45789857533235, "elap_time": 56.084508419036865}}}